Basin_ID,Delta_R2,Delta_R2_CI_2_5,Delta_R2_CI_97_5,Imp_P,Imp_P_CI_Low,Imp_P_CI_Upp,Imp_ET,Imp_ET_CI_Low,Imp_ET_CI_Upp,Imp_Q,Imp_Q_CI_Low,Imp_Q_CI_Upp,Imp_GW,Imp_GW_CI_Low,Imp_GW_CI_Upp,Imp_SW,Imp_SW_CI_Low,Imp_SW_CI_Upp
1,0.513060785592701,-0.0484761421378648,0.0230935482917609,0.0935768230330208,0.0847205434793149,0.188125904804256,0.185486951556256,0.132382593429378,0.281445472647083,0.0835866747149577,0.0703338739874775,0.16910608936721,0.0715266333023552,0.0608562236163441,0.160787697198746,0.0608849926281622,0.0549068334028299,0.130941833949861
2,-0.191679389388804,-0.0156417473031636,0.0647853792826472,0.0809830628777385,0.0671346781954432,0.19092347333853,0.130066852165973,0.121378439598495,0.255905399855942,0.0668075528159742,0.0541158224599029,0.192491769918854,0.10197164090906,0.0594876597933035,0.207157029441794,0.0872092812532577,0.059929580868062,0.202708271784084
3,-0.033342513803421,-0.00739975118397862,0.0663801813785727,0.161726972447127,0.126499573624344,0.274391872061463,0.116048466172477,0.0972446503072035,0.22533565959994,0.126831472141423,0.0740353049603622,0.249349650714452,0.116016374470264,0.100558696038436,0.200177442002228,0.0780373068985822,0.0774408299542215,0.203946829352986
4,0.297785976396172,-0.0338934286051795,0.0363743347055117,0.194637994024413,0.0849914268385913,0.302850805362986,0.085703983473233,0.0668254458211239,0.202756826915453,0.0951113720486456,0.0573909873928593,0.154328914258004,0.0597629819329281,0.05177763615717,0.151394697130141,0.0702163489371933,0.054663078107368,0.20083814682464
5,0.129301953523898,-0.0471842636848522,0.0524082712940406,0.368824808678323,0.12566056260938,0.475938324064782,0.163780882983568,0.138524927978263,0.362489279251529,0.0750150118995598,0.089008819982515,0.326673819038671,0.11222082685696,0.0846494351931635,0.243445037279167,0.123162745227652,0.0683994816895114,0.286124448137187
6,-0.19055241009762,-0.0231384015988745,0.0448809920629148,0.303268984825083,0.165745851651905,0.404060418285358,0.14383395076899,0.0955880505900735,0.256273862014659,0.110325208043655,0.10107323767933,0.285342325841669,0.175852004786864,0.0978751289455935,0.319487502790829,0.0866843346402733,0.0925174595900259,0.188845307427772
7,0.109944656719428,-0.0294743016347944,0.0468618475814579,0.279333194651107,0.198902426174706,0.414069845471423,0.136995921760927,0.103892187506931,0.235034198416745,0.209685752732471,0.167313442052773,0.323941606763357,0.117263616477741,0.0903486010015684,0.241800959493917,0.110747588881104,0.0843886094932104,0.328278117655384
8,-0.0486580978049989,-0.0231810868786647,0.0396962095363005,0.209988329361938,0.126386202362581,0.279234476554656,0.0712660737875427,0.0597144588325365,0.127491915218933,0.090159459178826,0.0620529353565937,0.1531856510554,0.102505481054595,0.0621623224938781,0.185585883689673,0.0465710570327029,0.0569842602718236,0.149514352883448
9,0.0524776795397761,-0.0209597244053226,0.0466290315463292,0.235681269247991,0.149306575620143,0.42885706761103,0.0951555269063766,0.0900535839085825,0.178671850639751,0.0705744466366652,0.0553218426516266,0.155138363803925,0.049575085311387,0.0567756533421443,0.171477490043901,0.0832194105167066,0.063658489084475,0.192209559488593
10,-0.0136552601698887,-0.043018145242783,0.0533349619714713,0.074537422189738,0.0430876015068964,0.120923776688699,0.058152197565856,0.0541178320514583,0.121866627192589,0.0372846428641649,0.0384836530539614,0.100511463597902,0.0482877629077203,0.0487376499378843,0.103914917293265,0.053937646897425,0.0465153726417753,0.121195020865903
11,-0.0817491250027951,-0.0232823247714313,0.0481286593989817,0.119241315818451,0.0859514971089747,0.158714602431409,0.0417079884616457,0.0384675792445125,0.12249032038945,0.056009858155383,0.0322146638375877,0.0951702911014251,0.0427104232479694,0.0439274899855385,0.0928031186414601,0.0326066080851552,0.0342041781292738,0.102586594570978
12,-0.540254661798625,-0.0145828334704867,0.0508012217850985,0.285371115866418,0.138215990635021,0.380752339212259,0.157202408855954,0.0841609317247879,0.300405559771887,0.103561535516301,0.0780435652488893,0.196148153769083,0.130474317754436,0.089501421918737,0.244230918328193,0.084965377105187,0.0906563365647636,0.237396932419818
13,0.0766567351866982,-0.0278833187579197,0.0388645782930315,0.189968944079338,0.115761061046926,0.286068069075357,0.168246910521567,0.132148808127646,0.372608083550821,0.0817636329090654,0.0820392961355301,0.227362910494296,0.0933090287029646,0.0991177165001115,0.23049134636256,0.0812346903220804,0.0854841265602942,0.194949742904756
14,0.112302002324479,-0.0104318711782654,0.0673933914727787,0.271537877741278,0.195137546243036,0.498527874910676,0.13706622478482,0.0948651986334332,0.237923253371272,0.131886771366175,0.0977966229845808,0.244561170449315,0.166713453410838,0.137048340349239,0.320922233626334,0.127948562742697,0.105257776971328,0.314667730388287
15,0.740229565915047,-0.024264451111818,0.0422739455270867,0.264352084065061,0.164380591365828,0.369713178181668,0.0477625853055776,0.0586985293556186,0.124592537086066,0.0847048741758042,0.0722290547376505,0.201793669874459,0.104893208901918,0.0773619126537168,0.188935155744115,0.0708099343784052,0.067880481828689,0.139498384161382
16,0.203309835266779,-0.018620378948968,0.0427365421005358,0.145230496303916,0.0987161384216817,0.220660503216384,0.0655376088573345,0.0542857155083807,0.159730767665497,0.0712273416066636,0.064761999327986,0.201472755194079,0.0542724285984321,0.0662258983999992,0.166080348769915,0.0595167876755972,0.0705893861119716,0.178833517472988
17,0.181941327658385,-0.0431129004698967,0.0398303435651222,0.19293245564518,0.115737654835594,0.279659056322698,0.0576056727238705,0.048208239323923,0.14487840808888,0.065062696668089,0.0601200649477775,0.144575644043517,0.0918577619797307,0.0567665105321784,0.168384071224946,0.0709695657918482,0.0513515185881139,0.149968437051316
18,0.172679316142138,-0.0255324102356715,0.0361885960499055,0.224227431864213,0.146872413019163,0.312994526235335,0.0888585848424721,0.0767801265012785,0.235150319690826,0.0775409197182213,0.0718978641369881,0.191493942873608,0.0805131020855554,0.0656224774743182,0.18289238346641,0.0710011989661376,0.0732350860606022,0.16142813472824
19,0.0511366483094204,-0.0332059642615319,0.040743864180919,0.386598260872695,0.233962033418617,0.567213259502756,0.0734751962162857,0.0833626302468429,0.173903297467925,0.0814326896072594,0.0861542942014308,0.185588612613412,0.0756545979106131,0.078491218845649,0.23117358607743,0.118459708133422,0.0915307542519787,0.217355015553835
20,0.0280164164883702,-0.0247278526221093,0.0395782962482784,0.210157810982372,0.130706887271079,0.303752214606156,0.10223429638472,0.0720542650963051,0.195675103910441,0.0779895042191831,0.0737248145005572,0.195769020393479,0.0838863017394111,0.0704594355233003,0.213579544937088,0.134170831476831,0.101350182648937,0.264495940495526
21,0.0973540103170786,-0.0158467630488796,0.0502496545992709,0.273016761056818,0.165518831617345,0.406015508962417,0.140329407496631,0.106561535908516,0.276563132368163,0.111465063264885,0.107442341591422,0.214847015654341,0.126858766740136,0.104645367654021,0.245592248861025,0.105678638922085,0.0968290462707567,0.219627137174381
22,-0.0271211093389966,-0.0208681022523274,0.0496004348827008,0.070593745461376,0.0546845061676356,0.136142834639369,0.0761928862364489,0.0513037652340797,0.130685343615676,0.0885768088254711,0.076744626302226,0.209309847452213,0.0826972368007565,0.0651370277536657,0.129318774182464,0.0579770187582882,0.0483146525090801,0.125698099197705
23,0.198999505838651,-0.0271941518852872,0.0585453759443062,0.237363105462343,0.170975616829723,0.315124688056603,0.0832618394064945,0.0919956645101814,0.208307793333506,0.119678954591659,0.0786212876845453,0.248301098770672,0.106756320909925,0.0644467341484397,0.271893861997202,0.0789045701789866,0.0665191364247173,0.245196454883233
24,0.0753025891048549,-0.0330027685824598,0.0181984814240598,0.281166410967073,0.19317321772303,0.368333643565894,0.0981544077428021,0.0660567324121042,0.197461385148142,0.093167029991895,0.0741936837633606,0.169518852082179,0.0501958244485742,0.0513816231916275,0.134076471753058,0.0614821993776468,0.0619021466430178,0.162514192718109
25,0.131710494462317,-0.0224511534896222,0.0562842467541541,0.13346392623129,0.0817565390414346,0.237571613515117,0.079659468579682,0.0538591827553889,0.154103382774009,0.0626543677393313,0.0515818062135537,0.152500119504083,0.0757919018296318,0.0574334685478305,0.146284142455654,0.0781123516694664,0.0588413948673527,0.146920431161591
26,0.774885323186424,-0.0104114188812345,0.0473546290470654,0.163405217793744,0.113046454654159,0.242117554157674,0.0837947348633895,0.0586156221026944,0.182865029951432,0.0652803963758317,0.0575442225221765,0.224941983978611,0.0861803547200713,0.0776441026989045,0.190658556359145,0.0664988992487664,0.0676442140807623,0.158212933507641
27,0.777772317997691,-0.0132154893498864,0.0534620121579384,0.270254097845439,0.140598602213904,0.353411138412729,0.128197904334422,0.0935110975055722,0.204360675543266,0.106485329185264,0.109149287094916,0.232282249401812,0.141900252537944,0.0930987258165443,0.268755849705341,0.0865547983008841,0.0907594273055062,0.204202504516551
28,0.0108761860061093,-0.0267895246236172,0.0359706726388919,0.257076835731822,0.13972792950309,0.281358473427043,0.170334019091962,0.102115449863539,0.40006898750834,0.105856747144167,0.0936182386759943,0.212941494247792,0.107077088014304,0.0986180111209345,0.208769754762259,0.105201295580694,0.0953159787614058,0.227796937998778
29,-0.115919134507341,-0.0157528389758206,0.0416521659568024,0.193657935379408,0.14287137306502,0.452253254931908,0.124333062902247,0.124085563393758,0.344367194573711,0.162394809044986,0.112966488621501,0.250194414635914,0.113010426406105,0.124170408246305,0.283996015906697,0.149437393709579,0.093681648119643,0.230677647269035
30,0.0442782115692009,-0.0246435544310821,0.0433014992187488,0.120536154566644,0.0716096440180545,0.196363130993496,0.0419425827661442,0.0425298213658384,0.122673149147668,0.0431352599648729,0.0396607995024012,0.121837935215051,0.0378611886330063,0.0492112696145271,0.105884400531977,0.0675753152390801,0.0411038541983813,0.134444772476996
31,0.0528776958023639,-0.0306252624429306,0.0190455243873608,0.185775115623541,0.130027304743404,0.232142811676028,0.0323457276025116,0.0446018684150874,0.116162186458153,0.0916087470228597,0.0592446535206671,0.138148065349793,0.0380549631905559,0.0431448387129001,0.0868576155774546,0.0865661187054981,0.0597228783079113,0.128870681745393
32,0.342039274989632,-0.0194131185971056,0.0409493872313647,0.141968121029309,0.100548753533302,0.240385176453913,0.0842868536057134,0.0801324791470665,0.201787211020112,0.167286339632478,0.0900994596362344,0.301089351914371,0.111038611315478,0.0736046440608908,0.180030868548622,0.0648166573552059,0.0596690578589143,0.132738057231599
33,-0.0798097722025132,-0.0224071224477944,0.0543846973212649,0.152656059104725,0.0920739010347036,0.350408113267784,0.078868094177912,0.0696720112510918,0.203634998042639,0.103055804238573,0.0859873618889855,0.243104075619969,0.159943518110603,0.0822000339453643,0.29479047723146,0.104577570948373,0.0875009110340327,0.231730402523949
34,0.209019474125371,-0.0104041938311619,0.0445435496330664,0.214789254495659,0.10846421992572,0.293354121341719,0.120908643708245,0.0926394802163731,0.213848864251414,0.148960729464746,0.0962420511031485,0.243259873575749,0.0661715268540903,0.0713665459553116,0.165298268119204,0.103642285788315,0.0920484664700672,0.183383625833658
35,0.073297469578442,-0.0236968215177149,0.0517528275912144,0.125275927221129,0.0882861472156003,0.19205917832597,0.0715009316837266,0.0589387322346674,0.136027538185039,0.0557923612651287,0.0655998701258353,0.153460936051204,0.0742655317263091,0.0603567651612955,0.173546559511255,0.067412002486672,0.0517687844033312,0.136793299600625
36,-0.143362895675952,-0.0429624109615123,0.0524877553258676,0.267934067976935,0.221034306122657,0.465261817347913,0.25353013189157,0.13505060602797,0.431497612915075,0.259639407984282,0.135531948415949,0.484471148827385,0.21323822908913,0.134351212515506,0.579671257358368,0.253892320286448,0.131872194495354,0.54747831401293
37,0.0633590064938658,-0.035982188309387,0.0504072522937249,0.35320824490152,0.277106066625443,0.674436490717666,0.190157163233676,0.153402233053799,0.425730386700588,0.148167257836675,0.126477554888146,0.279979580094538,0.194514376709244,0.149326052529412,0.380099774194874,0.178272505814137,0.155460793257631,0.377264802129991
38,0.171775778115225,-0.0282785919371416,0.0586965916115954,0.173514924569859,0.0876342592424857,0.269735774696979,0.0790125433077712,0.0555703008240266,0.307626868185465,0.0874622442620386,0.0619392606524684,0.230202739756948,0.106704822384819,0.060444424602072,0.197512301781583,0.0981044065558647,0.0631316806810483,0.164608651820354
39,0.0210132640768169,-0.0357344339366341,0.0434188162875154,0.187124659826803,0.114648551795611,0.29714365590581,0.0904490658077828,0.0916025282753878,0.249980923476749,0.132454069575839,0.117518519308305,0.253751834296948,0.136507654205486,0.0770959501961929,0.216883066533474,0.123635617044779,0.0823854578917568,0.265286584215422
40,0.172325079701887,-0.0299895574374081,0.0358990418015063,0.0865392051103221,0.0650755655007695,0.135949816351178,0.0472396267142464,0.0489030444374772,0.111440059323921,0.0455977975069159,0.0376691042760788,0.0999555216772465,0.0441905145364113,0.0499481309587742,0.119299439736882,0.0585061562266233,0.0501929073691781,0.109462420773728
41,0.136089601214227,-0.0309288353355953,0.038281872512708,0.166586542844595,0.100875306030294,0.216625031792591,0.0560538305717095,0.0551607298780964,0.130625023405035,0.114636000098073,0.0569340132382545,0.194138815381731,0.0674321811040956,0.052052410384159,0.137393533718259,0.0625339254070871,0.0534137231087257,0.16713060944835
42,-0.225090729027552,-0.0134596794150557,0.0565447712744045,0.307277011019018,0.182118839684825,0.478762788619733,0.123273298841459,0.0655845345562531,0.262026561349693,0.0675491935058846,0.0725014718340142,0.208866467552799,0.169256918066919,0.0973598831153175,0.217494452151265,0.099893209275635,0.0810440571432902,0.248484009904838
43,0.230321647738362,-0.0468636703797805,0.0277434519381052,0.293247618638202,0.218581577810689,0.414042326830306,0.129087054697826,0.105739593872034,0.246981469152127,0.116407942219292,0.117307312400524,0.254317889246765,0.103661523619796,0.105877630426623,0.225310532450084,0.13733447566737,0.0791792657263159,0.235537865241025
44,0.0150385572923086,-0.0198538959362018,0.0476552747295482,0.227925154492682,0.171370679449151,0.346411134147818,0.089737867442056,0.0723465808408793,0.154431193378753,0.0796343246886015,0.0636550501936648,0.151205506244233,0.0778449721014553,0.0630352336980279,0.175154561152599,0.0988889681190145,0.059246235227407,0.142836897744473
45,1.11092026328936,-0.0164211855385414,0.0476626863787075,0.112829261585981,0.0615534343344776,0.168689882099047,0.0662631816055073,0.0591517248856537,0.174783933297427,0.0383232744567227,0.0432543685598433,0.105793928285908,0.045227147398483,0.043170210264964,0.103701749105532,0.0765955658752276,0.0517577074432056,0.1180768520116
46,-0.223619885049732,-0.00315136598805543,0.0567306248380054,0.287484821749032,0.185807980765713,0.352928958681927,0.231517051956784,0.163812067938409,0.422071435236888,0.247281194721731,0.177052533532133,0.38183875957833,0.174011903101636,0.102184684392688,0.315294628423331,0.106865833318437,0.0957610879285858,0.246680090176226
47,-0.172748027319776,-0.0293383729799139,0.0334095533340477,0.282297902516853,0.154545865314345,0.353379189154591,0.103008847750355,0.0875299131093141,0.212687018894729,0.093311202918253,0.1065743152897,0.244682814428114,0.0954954854329491,0.0794173690555828,0.204691291457209,0.114147702756633,0.0892041707140026,0.203677160220135
48,0.0290367088664095,0.020654839638695,0.087751049302575,0.207385710015624,0.152062313758098,0.458942731602478,0.0935170748587623,0.105191995972588,0.211917831556282,0.244641677803331,0.144417835129441,0.389233331038873,0.186708263446993,0.127550218120943,0.354331878392699,0.24240728772431,0.163454179637783,0.382513393037088
49,-0.302586173630045,-0.0324063137044734,0.0546335808466251,0.230828745247881,0.179870598578733,0.412455701557311,0.104190440771904,0.117959895324245,0.273920403726815,0.0952877809830141,0.113506548564006,0.344187897172222,0.11288963903755,0.105958453124075,0.283554612907035,0.141929990906597,0.124837046791306,0.412792392228141
50,0.303931166265308,-0.0255194391339282,0.0487357354416548,0.0819168170809175,0.0790175102685174,0.207663544820616,0.0892484229770199,0.0623217742486151,0.224311646541536,0.0855253674235897,0.0677689075911104,0.164803420673157,0.0724275298379881,0.0590824255055356,0.167236172792233,0.0839996735008625,0.0780843198305979,0.180274930084675
51,0.0935389809928431,-0.00574850400923466,0.0735605174279444,0.363688268122297,0.184383380676143,0.606397464279778,0.170296144658861,0.109803729168578,0.329917605914883,0.200301351403292,0.13377611631373,0.470255148488755,0.339284448994207,0.186779347077027,0.476335980183043,0.238248287680848,0.151555586364343,0.41216878452098
52,0.281968614433815,0.00502821873198322,0.0601587192778935,0.130524472988218,0.100531606758956,0.176665351242572,0.0871426194022887,0.0458205293497908,0.145876649193953,0.134663536664498,0.0724723532632921,0.210614377714549,0.0607807121971521,0.0477560940514574,0.131873960974494,0.0666443284288106,0.0475054693834479,0.109122077030034
53,-0.0166331219621462,-0.0398397136095878,0.0378115118763566,0.335367798136312,0.226127561104274,0.445186850620065,0.15850759027142,0.138675800765222,0.32591827066735,0.195749396085277,0.153872506052938,0.366743094019856,0.155903543377382,0.154039181767645,0.331947338888454,0.31495608403018,0.246305682142479,0.479160994684574
54,0.0253416275749037,-0.0251645218410198,0.0378195963440114,0.200306694300954,0.141459374718714,0.306879165829814,0.0709293866332272,0.060764922179306,0.165434347810453,0.0748130285196855,0.0732653473524992,0.167624891938709,0.0588572787457776,0.0709600644483081,0.149119259294545,0.127685972709601,0.0790574247663727,0.188789642496236
55,0.144111078548658,0.0127298596043777,0.0806452111206535,0.220064214507452,0.144147765066003,0.289960190540161,0.0937568522524776,0.0930106811952126,0.203722522846062,0.0837800340097714,0.0940714213552183,0.221312055408651,0.0762958197664604,0.0847743411539699,0.196302446427856,0.235665280842256,0.135584088663776,0.374464705756012
56,0.052107917516364,-0.0131807409994594,0.0394311529094875,0.156469094345503,0.087599622941379,0.205957204479931,0.0625185222268306,0.0568395845980178,0.146282079651818,0.107941114427528,0.0646032910403781,0.171900439620141,0.0747728141129027,0.0498484589824918,0.158598061183831,0.0766607636116207,0.0568331414355736,0.135012245012114
57,0.300789314744217,-0.036782260639493,0.0390061747587982,0.182796918884772,0.11380180830174,0.286477198411595,0.0857284304901714,0.101672528222887,0.196232705561844,0.152646200696501,0.10821153968213,0.223316032812165,0.0747243029502724,0.0821960800073018,0.190602644251451,0.0832857459993894,0.082860720353542,0.203190853183506
58,0.144510289146082,-0.00600205652809194,0.0504083775877679,0.352572008362612,0.277629121299346,0.577181210339791,0.258952687414066,0.135849781918605,0.484929183417018,0.330917189544971,0.240601514679769,0.550373488589303,0.270642807999554,0.177530946677974,0.500479789472695,0.191489893253245,0.162804326145516,0.520120300925731
59,0.0971983337067479,-0.00674139335717205,0.06159494942266,0.520603420467194,0.33641063899332,0.700787474303366,0.17895636772409,0.15013730793153,0.353695959707993,0.221901933045347,0.15745928568455,0.423278240179998,0.263374469300187,0.205164660823839,0.477754712409297,0.271376906328234,0.171042033597878,0.464273898482711
60,0.0883526935006926,-0.00705248570615258,0.0567701741539703,0.229435130712695,0.168012462974409,0.416249725530007,0.0794704179342183,0.103471135542842,0.234416872003185,0.125312276583398,0.137302915751228,0.254552114554665,0.172852974178438,0.140586957948804,0.319752492021201,0.115353852610498,0.120177089897837,0.277249266591084
61,0.0518709707442818,-0.0292365243880325,0.0425063195063484,0.286162555368069,0.173865172757662,0.470299583388276,0.125849434168058,0.132486555025445,0.29678185309074,0.223833399151198,0.102076362112518,0.308884201606568,0.133265599339375,0.126684915144162,0.387392693952601,0.144047888556726,0.131693642135305,0.290856617242446
62,2.13621705516927,-0.00170755164011749,0.0545445828637221,0.322904612458852,0.231804319926571,0.496166471866541,0.0876833226028276,0.0828694319967091,0.245727619163785,0.262840043920208,0.15641945821885,0.372586769514745,0.0950759137866571,0.0885998848447633,0.231366744979115,0.231494575794418,0.162878673521594,0.372897170643833
63,-0.00274990734152403,-0.00298468908062144,0.0621400446238,0.513307642067937,0.346237267423548,0.705964117300361,0.221630572780521,0.158433297030149,0.488224044616508,0.170743345853826,0.159815065490538,0.450930859427149,0.427672874305417,0.264607150825603,0.640857014148954,0.179162084646541,0.166976756833348,0.384828457073847
64,0.0357113910695511,-0.0254633756276261,0.0441033916371938,0.440792697969119,0.238184159888932,0.975129587904595,0.148989522532553,0.122121363268963,0.462377144921385,0.13773971089098,0.127416086627352,0.311915890727284,0.110161541769022,0.0997452616239996,0.360128705013489,0.139855302415838,0.136801151095058,0.426959748968369
65,0.0804100410269318,-0.0136384768796982,0.0472412053610886,0.271395711403246,0.240975292764576,0.455153832210131,0.0661472535549341,0.0735185309256332,0.171863835699021,0.145819985978138,0.100101235488573,0.224757326302618,0.132987122471903,0.0900698766727949,0.229738941045713,0.0714072639370736,0.0781328915346475,0.156963648966736
66,0.680819983262496,-0.0235127880638539,0.046480259162004,0.494925778571037,0.315776895874094,0.64261615276175,0.115492700891363,0.134514422913803,0.276890648059579,0.192289993178512,0.155482529202025,0.340188474445259,0.261713620973041,0.172812083259379,0.368584807204313,0.135174735266267,0.120768039136552,0.280488857153581
67,0.0503264898122536,-0.015378314951885,0.0458577032050453,0.136253759568686,0.0977617031617916,0.244865303437755,0.11587770892969,0.070130829411497,0.184920296492712,0.154162993977716,0.111891920984974,0.242241033117565,0.101128736918558,0.0568796139611694,0.161124102716666,0.0894786761337317,0.0711394519022383,0.196107046323161
68,-0.187747610016193,-0.0263549771648076,0.0479646442978434,0.213880715337966,0.169011552830481,0.4392293674895,0.184673054735086,0.133233330129527,0.370683233461332,0.187668011977843,0.135754470584776,0.379458555160205,0.169236973110836,0.151579113951762,0.334335915383088,0.116795105507764,0.139363978907071,0.279780496433004
69,1.54474431152802,-0.0238462127294483,0.0742818799302354,0.281407231982427,0.202590475958394,0.446928436463993,0.104526174125622,0.0949570989288745,0.215733550898584,0.275986665123341,0.154056428244423,0.553875504329446,0.0821240756259031,0.0947368236314623,0.246716789867524,0.150852473577402,0.102568591950427,0.318625467471457
70,1.65889818962061,-0.007971921299468,0.0640758594205039,0.247714351115983,0.193542695788006,0.589697032482305,0.218478631243998,0.177240799626233,0.439879008337961,0.291112869582062,0.203113631331461,0.520835779017604,0.234441251458274,0.184693502211498,0.482723807481798,0.21253218892448,0.149358713106283,0.356437422643239
71,0.435761304919477,-0.0343163919194963,0.0466094467090062,0.343267287385531,0.256005481661674,0.642399016074372,0.131579299580802,0.142338469884634,0.342117381932721,0.353833097019621,0.188845232029791,0.729189765938522,0.219475251259599,0.149238771605712,0.40180352805523,0.113709805869,0.128475938793609,0.287667738257966
72,0.0954629835048184,-0.030271303320424,0.0496637269067676,0.134407998120362,0.073108996995117,0.206597166448885,0.122207743590285,0.0874506069141487,0.209904363978692,0.178069232163201,0.0984172771511245,0.288669235859676,0.0911922592887465,0.0540924198700968,0.143155055871954,0.0904979085069724,0.0742635852567016,0.200818092938569
73,3.21791185710318,-0.0227515284148354,0.0373963103745804,0.155267334517328,0.12032244619559,0.256239516634824,0.076806066993443,0.0537818757892735,0.149106974491215,0.103180138083603,0.0694178052879369,0.174263742366342,0.100608387551279,0.0751329558205371,0.154128834368646,0.0780304926512577,0.0516400398816729,0.113654271331163
74,-0.0537955139687735,-0.0335941102988342,0.0344337025895566,0.570121337408079,0.299316054592006,0.795141196793907,0.263694861217889,0.232259146277687,0.525629322200287,0.300086412297509,0.251727192826129,0.69071084600267,0.25073177912759,0.19600910371134,0.453323252767669,0.230350232284882,0.167581902468961,0.491983509041929
75,0.228753552743546,-0.0419654171023763,0.0467511508336322,0.297571834879388,0.171476040628942,0.436482229947655,0.151756108908296,0.121305103986641,0.273651371357878,0.156051802332237,0.125106241333871,0.341047023454253,0.113891065962932,0.128413411025463,0.306662006251298,0.104200676549572,0.106475912188739,0.250775149780016
76,0.345978218288815,-0.0191581496616618,0.0381474151308692,0.243549796418855,0.156463029804531,0.383489404191997,0.127842192539569,0.0752945509149789,0.295754602431,0.174658815948882,0.115310979268635,0.278313148542287,0.0983832158363426,0.10363422577118,0.242570003786318,0.0922569467940235,0.080527781573306,0.260692528100969
77,0.131713907646345,-0.045482530996247,0.0196315763136117,0.293586803980009,0.232900316474009,0.463507268403581,0.338253821356599,0.247495469703988,0.461443528688208,0.204843972971493,0.163182838654722,0.376081429364133,0.109453853808468,0.130970656004576,0.298506867589212,0.150591283691897,0.155624668207607,0.320015756348157
78,-0.505513080172945,-0.0447295974547645,0.0316442725302758,0.132319342157417,0.104008182338997,0.193735038507571,0.0887037447799194,0.0910029254142004,0.203769267829205,0.0809303786628062,0.0827784354999264,0.199248795929767,0.112619629143863,0.0891073198607657,0.266926380040988,0.111469246725501,0.0920709171720274,0.217589346607938
79,1.6646967750027,-0.0180014527586921,0.0527871719129798,0.173954322828171,0.114569029815914,0.304402683851113,0.147248879451624,0.119704824606137,0.268897776882548,0.124113110825931,0.0914735037758226,0.271005068181168,0.120238095241475,0.0920492716132752,0.205078406337258,0.126077063878088,0.0838405159358451,0.252864736455186
80,0.0043812017410072,-0.0282505234664491,0.0371341095848605,0.488889730252075,0.309447546198555,0.662306652812272,0.195710777456112,0.168367808833146,0.387768943117731,0.360734130995249,0.190312632422389,0.42690566344164,0.0966842349613865,0.111696242405124,0.225535542532026,0.113213524433106,0.117785239390388,0.260780770475884
81,0.240994537276054,-0.0409845211551795,0.035680612402506,0.51467811541783,0.239706840538806,0.748258038729199,0.171268947203916,0.145240385813719,0.346720663828552,0.234914274563334,0.14580147358235,0.507798478515821,0.160682895068811,0.15073003046012,0.385409556106417,0.141636172195845,0.133668109567242,0.369456027390078
82,0.81295486148806,-0.0375923598771435,0.0298360170568848,0.0827875237025006,0.0724778869117332,0.151297145196679,0.0591012180881442,0.0617800980582729,0.150106489735333,0.0730517327105693,0.0597360989196436,0.161525432002578,0.0720850418372056,0.0643992673825214,0.163741463052297,0.057976380062507,0.0654041455805469,0.150752227643864
83,0.113629131231903,-0.0204579440335274,0.0481356566602577,0.32190397005388,0.232705147964994,0.483256980337117,0.0836766785149636,0.105441535304461,0.240118880125524,0.151649427871921,0.134341872818163,0.352283201551584,0.10338708093881,0.0871256364368365,0.290795152532445,0.104958359299595,0.105369844550368,0.230941947315862
84,-0.693008508443748,-0.0402806274389651,0.0200170231144172,0.0961686088909973,0.082890256548462,0.170593293682045,0.100298303201615,0.0723055395599981,0.172361002607388,0.138593262197075,0.106552883675403,0.195012348233785,0.0906008710062562,0.0687914989413896,0.168458200068166,0.0779304595114534,0.0621738222234455,0.151383660113572
85,-0.354757530688604,-0.0372576412935717,0.0288680446741654,0.495435488256596,0.443481167901971,0.825754602571489,0.140047998684094,0.139731122611571,0.399980734212277,0.328662334913766,0.191403342280083,0.405554434094242,0.120161802425976,0.165478174077515,0.412809353952125,0.230189277456077,0.150401050984559,0.47628299102173
86,0.37108768620381,-0.0228704295980123,0.0553409907595017,0.183962881114806,0.131416924503636,0.322789018697859,0.118389568086087,0.0815063956715422,0.28586777276901,0.0946198116739142,0.0742062282966273,0.197154831149177,0.127835217958822,0.0824624403295851,0.202875146303987,0.101859810833916,0.0857167514488199,0.219212781625984
87,1.14297655128152,-0.0339924406459839,0.0316376942563528,0.297587529259263,0.183893379221829,0.354770849205415,0.0917034605364047,0.106538522545103,0.227339171278938,0.279259187679279,0.167784373202534,0.430399659259025,0.0989048226832809,0.0815254465408003,0.220828622364296,0.100224128260894,0.0732187841773977,0.205037691418565
88,0.471585217830329,-0.0331836529501172,0.0307422457661676,0.406057273528955,0.277024054110272,0.669463262364026,0.222944868769225,0.136035893588726,0.406935231587985,0.174289335452777,0.180046503449832,0.381005028335031,0.189121425034471,0.165364237929793,0.343101651402615,0.130619383795,0.115266029434305,0.251018799950737
89,0.165427456547031,-0.00600349969339176,0.0850446037697881,0.235340146528624,0.167644270749766,0.396305777672612,0.139310681208325,0.10202708661931,0.344197758237224,0.102808211980379,0.101307482896154,0.300862838074039,0.15939601815618,0.104455052126853,0.421519126608869,0.110897196845721,0.0880965921164037,0.312278794245782
90,0.182894875837294,-0.0258309391331673,0.0524945836064363,0.272580958117749,0.159474467170063,0.447167496790518,0.13433435207514,0.128640037465034,0.375840093907683,0.228911457536587,0.166472495694586,0.426595886036666,0.163530306388098,0.146090921027047,0.361665747206435,0.120441974970695,0.127622609603984,0.327342347439975
91,0.0346443191796082,-0.0209892194562395,0.0214311033761081,0.329414069914011,0.198345893816767,0.5493193245616,0.106131840535299,0.0942614714644904,0.257149731056917,0.0751050240836559,0.0755535145260286,0.215710755978694,0.127336078594068,0.0881417601358276,0.297152823420439,0.0786983577555576,0.0786124155953801,0.24093642574686
92,0.0582240765300859,-0.0333081484969933,0.0413977923963954,0.251586987586221,0.155806315848985,0.450050940297796,0.149079381601593,0.106507268745008,0.323320536990786,0.232692202101339,0.138098499280655,0.356637083954488,0.136798914338263,0.140278391634781,0.300243437040875,0.121086307745552,0.123411286943296,0.265424360574414
93,0.307110648397675,-0.0114801097753063,0.0474622007009819,0.180604949971746,0.123695530203612,0.338130120354007,0.098168890124383,0.0762861753568083,0.207822679152986,0.209140635949143,0.127193777266997,0.371294223641489,0.130694069063295,0.0899467287258372,0.255340921344757,0.105373805361569,0.0772566969806096,0.208816995673761
94,-1.49692467266376,0.0149294996875811,0.0790682972609936,0.0753759836000666,0.0521752163135601,0.163517973518952,0.0367648713334133,0.0395613126017783,0.0975916951914925,0.0609496498149178,0.0465012993238047,0.102568009461209,0.0615976868582428,0.0416244131092736,0.111295554814172,0.0537887642572586,0.0513673311990111,0.128846027776592
95,0.109809022674165,-0.0276333211105493,0.0435475083698804,0.254297358510729,0.184988486298856,0.33136602524137,0.0712358851321964,0.0603693206945487,0.144277865306437,0.0690229362203672,0.0665558763115226,0.149180303110136,0.0753048618905764,0.0627758867192191,0.169100463049109,0.0966802229477125,0.0780701907848866,0.19804910862377
96,-1.04391506663348,-0.00154065320712116,0.0668654856124079,0.375963805303154,0.219496218815228,0.454614186556524,0.134560929801937,0.106727265788034,0.242181394395822,0.25832653357489,0.137625594682787,0.327139941444546,0.13445827763007,0.125370594706146,0.322256822166215,0.236356357889845,0.180409695495373,0.503697481721782
97,0.116470185747437,-0.0157173587891035,0.0708931351754195,0.153539045080091,0.118884834123352,0.291389089119806,0.0909507037312094,0.0894274855876349,0.229063809200093,0.113078638196809,0.0905632534310395,0.242258117496121,0.0897998056808605,0.103753931232236,0.24578567067446,0.104796450155359,0.110104777129415,0.299065705485995
98,1.54730326935997,-0.0066572814275675,0.0512069521037695,0.225074230223,0.204695426746237,0.386815204689505,0.158450468068202,0.12173494076105,0.318150465228313,0.122899289496226,0.113118869072796,0.274275379605647,0.116425850436846,0.117991773673717,0.255033150590511,0.113838260652645,0.114172638645183,0.243972992856473
99,0.922268531900419,-0.0238218285620549,0.0366495460171306,0.234498753259221,0.1114088889342,0.263364438796379,0.11152977403879,0.104913648457745,0.292635983790965,0.103313204519177,0.0830360273798733,0.183220853635577,0.0968158284243264,0.0730427908896894,0.169999029061091,0.0843038574669712,0.0799038232768261,0.20938394492765
100,-0.139505566569619,-0.0224637283760347,0.0515704182065641,0.0655504492100122,0.0761388977567816,0.159189987841557,0.0696090424095848,0.0634895041211495,0.159343471222706,0.0779825921423801,0.0735056471792286,0.181228591407739,0.10824248576255,0.100391568037724,0.220462573482095,0.104296538751186,0.0776901490621082,0.23222315268012
101,0.0238377926344748,-0.0164429666430354,0.0450262589752453,0.115551887750787,0.0729532568118145,0.160452643824372,0.0461207286696944,0.0425917810473106,0.103536467176327,0.0614386116150603,0.0427751048530223,0.106240554228618,0.0480315427612615,0.0385899630062676,0.0932408171953957,0.0566329547949961,0.0411214707225621,0.106661308997231
102,0.548415380552495,-0.021653488624646,0.0561369816436941,0.0935925820538083,0.0575209543082654,0.137282460814845,0.120051075650826,0.0726078933501193,0.173722700355412,0.0593376703081458,0.0523855751953538,0.110854219889536,0.0424989489275387,0.041306832828972,0.102667614504305,0.0662799219456134,0.0439834634310829,0.111954471389593
103,0.553692969430976,-0.039227730436956,0.0582000188915517,0.106767368440588,0.0938622565836871,0.172772092085894,0.0584473405908817,0.0485793861412151,0.14116908460683,0.072596905593091,0.0589199577800796,0.163043240748345,0.0795275370736658,0.0604318605532809,0.170682499310867,0.0567255443400008,0.0498778991193699,0.149205640386625
