BasinID,Intercept,Beta_P,Beta_ET,Beta_Q,Beta_GW,Beta_SW,Mean_Delta_R2
1,0.0159254035552577,0.513095110867797,-0.188879633196556,-2.9207380720817,-16237667131.4507,-5764794765.49503,0.0032038453371671
2,0.0164920820834351,1.78785226684727,-0.054792460902773,-2.12245519062464,-1055450566.85769,-7140724107.0473,0.00491681186257304
3,-0.080560956130471,5.68379260841228,-0.20027400784262,-3.77057597892565,23041950630.0865,200922474.000589,0.00642256649775901
4,-0.0476823874990107,4.16543541327772,-0.0421130170396251,-3.8137810605151,51372006435.2978,-486172.84211358,0.00527617346482954
5,0.0393605410544009,6.45230201809106,0.0584153065416889,-5.29257841449107,42723323427.5112,-51432712.4075729,0.00453292885269518
6,-0.0478631133755526,7.93094063801284,-0.0491042073337917,-6.68175635762662,3591620711.55056,44.0418518427121,0.00809843318177414
7,0.0408019190896285,5.27117976310591,-0.287005279224989,-6.24778949090847,101380344795.836,4011.02837387928,0.00533648758365668
8,-0.00795968044182863,7.59773706009208,-0.0497366075988726,-24.5724332797853,499220441.243262,29.3094816891475,0.00881872333193965
9,-0.0571076261903837,3.92558458880937,-0.142799536388736,5.63323533737708,-4685309479.71207,6430.52954413112,0.00829067115119895
10,-0.0226024480146389,2.85174869727666,-0.283150459204111,-5.03331331931469,11247443731.558,19742.5186498387,0.00798298183025782
11,0.0234719719221882,3.64195504426503,-0.248789400486699,-3.00219623624495,10439600171.9721,10212.2234928941,0.00772013524943281
12,-0.0452292616772108,4.25982460232391,-0.289774578736322,-4.80038450549578,-22729197.1225012,0.551534826753806,0.0130662649465369
13,-0.100319649502993,5.64366230715451,-0.646775965257516,-13.7973298193822,-24099029.2344497,0.997204007747321,0.00902069289604628
14,-0.0818458489155762,4.5391584241393,0.65853334941372,-6.50574855545306,18674826827.6071,54050.0842170926,0.00873925758122345
15,0.0237525507307476,6.61932482473458,-0.179446029192769,-8.92566164217728,769346.030871027,-0.14134985570091,0.0103627878693024
16,0.0458499207517975,5.57438178492061,-0.209729715433676,6.6929251495131,13542825903.1046,-15606745255.2151,0.0048611267772399
17,0.0428558317762495,5.15145523233298,-0.194306455788001,-2.62315314365718,-133651936.959374,2.30298985852312,0.0108454034517035
18,-0.0236083887063197,5.04137342290473,-0.420110432856316,-8.50124070998146,-7339603.30594048,-0.624401509560636,0.0118646274929572
19,0.0251490028486032,9.14955905136421,-0.266413623574799,-10.5256999557052,12468368.4480042,-0.497559999458188,0.00644305665013572
20,-0.0230187120085485,7.10733369013864,-0.347280218279206,-8.86468980639203,-5430633945.08323,3167.69233490685,0.0108887609127595
21,-0.0314297174310837,6.18861968246162,-0.227322702182446,-7.31715004271151,100056.786149615,4.660707043545,0.00679231769930852
22,0.016346250566368,4.35553933425347,-0.0350186230000192,1.78308041261229,-52733333612.819,2615.97343596335,0.00726487129718264
23,-0.0173132552017026,4.67481388039191,-0.274019389818682,-9.52400431371428,-96553813.0606252,149.057423171505,0.00872045320268689
24,-0.0252416053265815,7.26437391098341,-0.156264774478449,-21.2033931062989,-8930964.65645437,-625.365937568554,0.0100936048579476
25,-0.0474406454930188,4.55712204127162,-0.266604105918456,-5.71174314544311,909625884.648119,-3628.55866273126,0.0112962277882626
26,0.125168088130949,5.197717967187,0.0118037544821456,-0.00718954278259411,7184830063.32486,3136.24643081436,0.00652260184577139
27,-0.0494281748090228,3.41117458924407,0.0300700284541501,0.340486133182854,-6823379.72334579,2253.81954866465,0.0109134563049385
28,-0.0259173086994298,3.2991230008679,-0.354419359879547,-1.79185285734128,-4068685.6155202,18.5972693609598,0.00565648666329181
29,-0.048909846571083,2.5072668212697,-0.389245261050145,0.140975979831273,-129.860564281693,-28879.9715861311,0.00939005761517976
30,0.0637463602116593,4.16589951107253,-0.000714290110189711,-105.323967273756,6090858691.68549,-10393.4955709219,0.00660950851921722
31,0.0382641118905624,9.90215250796258,-0.0378040807911619,-536.767753398332,20910807534.3818,1849.33537803457,0.00952081989074968
32,0.07098004749489,4.80476250571923,-0.317486329249979,-22.6199729691305,-1900862.11963942,12.8340480149421,0.0106689524490921
33,-0.0540775333630869,4.526736214298,-0.0493277065797438,-19.2581338882856,-16740661028.7171,-13268.4672555318,0.0137555166237458
34,0.0227689817619126,5.01911136222331,-0.200959862707466,6.90286446135243,-25237302.2071653,-0.406090822892549,0.00855165019439142
35,0.0863861847206711,2.83980049212618,0.119065468584256,-186.371930222298,-31650883579.8522,-126478.205867008,0.00578098816132249
36,-0.13567213289442,7.12649993334623,0.402591897309992,-14.0001883335678,89697857.8853722,-1601.5178593981,0.0148495311594892
37,0.0848238695574354,6.26707120433405,-0.0795586151989084,0.148199496751129,50672084.3034346,-5034.45537274738,0.00728633294872956
38,0.101621611542173,2.85047985093537,-0.0519083856449117,-14.2592275114303,3828499279.80272,1755.99739392828,0.0085660745785413
39,0.0829176795854833,6.62089613495552,-0.0353038864363514,-17.9908663562004,-31272179.8105011,-1130.45839179252,0.0112258765633009
40,0.00911268445848569,9.15241601224664,-0.0485231609061883,-354.710061644369,-3447.59808634362,9.70491862077019,0.012440797566607
41,-0.0555886406113823,7.38252378503687,-0.0371405572957359,-182.321786956572,-2356111759.33479,1434.15094112705,0.0074216913412212
42,-0.0144482409034521,4.2304335156395,0.0278816981005932,-11.930818380532,364956373.35764,-6231383.73116519,0.00756138201752119
43,0.130055329690465,6.96374351215811,-0.417636940499256,-6.3266176007518,-17243046.1251853,-0.580210232486452,0.00802770818116562
44,0.0292378087284527,3.55310818007738,-0.470341869303726,-3.52464214883851,-2303501253.42388,-5488.72150910121,0.0156083269792114
45,-0.00666741435243335,11.391038745084,-0.120348772256239,-538.184272314313,-2207227404.34631,-5916.03558077327,0.0149090895726504
46,0.0119376625077354,6.66405695301845,-0.372278968205029,-6.2825312633131,-9841026.8950697,-6.59921132432961,0.0104816878094472
47,-0.0176397846861993,5.74690337001261,-0.238646531274871,12.5304208080587,-934.706409316923,-112.258751423898,0.0149419812266754
48,-0.0161967821673037,6.60633256680366,-0.268007413202055,-5.36949138654562,-3648069986.45724,-2092.61123155636,0.013285548237113
49,-0.10495811437059,5.20055337312151,-0.197743061271253,-1.86902982387995,9881224097.13776,38855.9736983854,0.00566947732106533
50,-0.0485289644283799,0.443798713033866,0.154405467884105,10.0245975110224,-57959928991.1508,-4208.00128723093,0.01016586478865
51,0.0848710261934534,6.18310390673188,0.0464745862984376,-5.2811613909829,287882571.576072,30740.3242533388,0.0091210036771984
52,0.0011264276505624,6.22949871031809,-0.115723269192604,1227.74816689964,1191257388.75669,-650863224.859158,0.0074041064221706
53,-0.0876646427251108,5.32359189094218,-0.0317667804498977,-5.16247546088701,-11451859941.8201,11630.8099511826,0.01290577443859
54,-0.0672976820912751,4.5546853806312,-0.185962570866421,-4.31898130842952,-19085856.9197181,2990.92972511497,0.0177729103077801
55,0.086939587858653,4.86963252256551,-0.397565739425819,-6.64833487305516,77754841.6372485,10.8067550492679,0.0292793033246868
56,0.0121637433453926,3.66259419137692,-0.127389238598724,-45.4053189611706,1489332992.77911,-203013531.749496,0.0068993968574626
57,0.0184710610451413,1.61847444782524,-0.0715832318924371,5.34019348361553,314452183.927419,29.0398747613128,0.00719930171593583
58,0.111417192493819,6.49648491010264,-0.218298132244394,-4.16786461357669,-82.1714674495927,1.97557532014387,0.00936168954130153
59,0.118477688414837,3.57689754816754,-0.140412473133561,-0.756690335649873,25430092.3300678,-8.99672244367675,0.00869581864801052
60,0.0176046713713862,3.3142893828572,-0.128060204597252,7.11486063396393,-6509.40705881302,-22.1022547605167,0.0129549973602591
61,0.0257973547432902,4.45502156198234,-0.250989056594417,-5.53949528615509,-10346506.1288955,0.903895574782115,0.00504786904640798
62,-0.0369132793402102,4.17006747786926,-0.00669411812373176,-4.1607298362705,25692330.8715913,2479.27243798333,0.00918650250453244
63,-0.0736767603480658,5.91146447203525,-0.0569232316750397,-5.69540378527056,-7913673796.36296,3.27387526987284,0.0101287055736195
64,-0.0902053552761933,3.39075666407428,-0.10851406997871,-7.13016364213632,427779.983330113,-6495.94840574975,0.0074007078370459
65,0.0313433509893551,4.24330734292698,0.0741365762324213,-288.941162503222,3148991040.40768,4985070.2677533,0.0088079327125534
66,0.0526269211686911,8.53903272898514,-0.219791339160229,-7.29639839919068,8709637.02204534,-56684.3350492801,0.0071650877300599
67,-0.100092277503635,8.78815918171047,-0.147664012636236,-33.9933633325319,-1223902702.27783,20.5977878974931,0.00565749926389811
68,-0.229805286617669,4.44415478694301,-0.242120361042019,-2.34880714464762,8649499.62255861,-3.82202651526836,0.00925926799573701
69,-0.106773990882247,4.1071927185634,-0.162131308352688,-18.312740750584,1709065382.12655,232.52121297979,0.0083522492374705
70,0.00852634611338391,2.27184180414021,-0.0477874537045629,-0.210686489165489,118591000.287181,-3642.53010899632,0.00969850473205749
71,-0.108888786425415,8.36142395047493,-0.096705570311389,-7.34476636194093,-77937589829.7106,-31801.8090698822,0.00723768658025949
72,-0.0540742461001205,3.36659655868922,0.111407431416686,-8.45357771755682,26379407472.7923,3788.45468255395,0.0116165190481582
73,-0.0229336251367026,4.75858781286976,-0.305641397553711,0.103653995894866,-566399249.297771,2763.37746562836,0.0122039005376446
74,-0.105003992865033,12.2844195507967,-0.0369497828098337,-14.7453618997057,-141903144129.985,4949.08984414708,0.00658374293198673
75,-0.104506668868487,4.03389761783619,-0.107703789748647,-3.65605979411085,-380249457.670111,-16830.319861292,0.00890093021591244
76,-0.123585767595365,9.58890524554401,-0.0908224932629333,-3.6438335344824,23500104225.0393,-969.987454602662,0.00684452322354971
77,-0.0430478368073881,3.59888267070679,0.197150184294662,-2.25142280201694,3888929608.62262,12241.5036970672,0.0105889993678994
78,0.0904964413476616,1.97444886848165,-0.0717755308264804,-0.890435137013094,307725901.52118,9356.17627509622,0.00785016089047451
79,-0.0597704623943886,3.59536766221447,0.077603117456998,8.24198920624874,5568322666.38251,-5378.42394324926,0.0164395465715024
80,-0.00175808362338219,9.42657654115759,-0.448410877229195,1.35227916887067,734346534.834068,-915.056152703572,0.00955021827370797
81,0.0263729799652202,8.11442261119828,-0.155780358990359,8.55353733353953,-98894574.3953402,122.758285079666,0.0138448159366038
82,0.12720421881724,1.01940696589526,0.16663632561408,-0.968184431483379,-3228398492.4665,10671.7329875016,0.0053081392054813
83,-0.0952147303275667,5.10697079952698,0.0760170293855262,-9.3409383396105,27835057211.2625,46.362220758936,0.00924607009749187
84,0.13420403283477,2.12107985190415,-0.0030441211544107,-2.41850763620147,27182540580.0629,-7390.89997657934,0.00741442471875358
85,0.0949840142854851,9.32927630336351,-0.253077131574121,5.20233139014672,-167988982.644455,-55.8605456324472,0.0114858898139618
86,-0.0869839038745746,2.71875348184403,-0.126846718839166,-1.47954156529295,2778950076.30329,-117.899528033961,0.00923661211569284
87,-0.137820478352477,6.39100530965064,-0.117853721870545,-0.430241461324795,28493799916.9737,-1479.87636945329,0.00975834004472199
88,-0.172908362067639,6.38521331615736,0.00659806384897992,0.856673967118343,-78080612999.607,-4452.47215549062,0.00977203198043284
89,-0.097247017813617,6.97741194427579,-0.128172495414427,-39.6423515175555,-19315554247.1415,2288.18140875116,0.00686034110793524
90,-0.0570970386167511,4.80003077592314,-0.21267436674785,-7.59703334286004,-2864297324.16996,-1341.92516167606,0.00625992947472191
91,0.047653819350366,7.19724319000951,-0.248303326653612,-5.71690409519112,15791155900.1411,-2012.76061478405,0.00837430716116615
92,-0.0770236712454205,5.97652993169474,0.0872597691368073,-11.6816043950373,-8871259709.87064,31.7585908654273,0.0054380891610576
93,0.00273040879032338,6.26941550975409,0.00826939378891768,-20.1119984503183,-13366329775.7033,98.921932030324,0.00886278762164645
94,-0.0146350626281799,2.21531814345806,-0.0428038989427333,-65.7324117450902,3963783808.83518,9108371751.48385,0.00946157350698283
95,0.0163299088375544,3.58704940999659,0.00298805144816303,-11.7183705611286,8550162367.27041,-196.139574963398,0.0106001848157152
96,0.0138686881792645,6.07629277349238,-0.462346139054165,-6.48751063584196,-2205961589.11889,-3810.26299689466,0.0195292786290553
97,0.00593767957643841,3.68780677080701,0.0219150492041858,16.4623831435743,12704508192.7379,-79835.3560466156,0.00936385096505052
98,0.0279366023051377,3.68406878181602,-0.0826529914854058,-3.90246040686981,1759.64623091444,-3.6857448539672,0.00579869967685443
99,0.0119471605169168,5.2575957826052,-0.0135305114676417,117.119919482659,5844323970.83332,-1115.19406818453,0.00993626003889093
100,-0.0161211796167405,6.18898759198943,0.0226626742222341,-184.146137989707,40773992154.9765,503.783786277779,0.0121115527036835
101,0.0417663562262486,5.11625153097345,-0.0388734991162114,-372.29821423019,11137808456.8017,68906627.5535873,0.00734033818706699
102,-0.0406378624380327,4.08545282440304,-0.303120036363592,-1.63800348625083,9587088119.55913,-84422456.8518043,0.00586685485775392
103,-0.0760032568436957,5.46117590169882,-0.302986200485569,1.32907843974367,5536233643.99685,74704015.053771,0.0085783324075101
