Basin_ID,Delta_R2_Mean,Delta_R2_Median,Delta_R2_SE,Delta_R2_CI_2_5,Delta_R2_CI_97_5,Imp_P_Mean,Imp_P_CI_Low,Imp_P_CI_Upp,Imp_ET_Mean,Imp_ET_CI_Low,Imp_ET_CI_Upp,Imp_Q_Mean,Imp_Q_CI_Low,Imp_Q_CI_Upp,Imp_T_Mean,Imp_T_CI_Low,Imp_T_CI_Upp,Imp_ONI_Mean,Imp_ONI_CI_Low,Imp_ONI_CI_Upp,Imp_GW_Mean,Imp_GW_CI_Low,Imp_GW_CI_Upp,Imp_SW_Mean,Imp_SW_CI_Low,Imp_SW_CI_Upp,Top_Driver_Prob_P,Top_Driver_Prob_ET,Top_Driver_Prob_Q,Top_Driver_Prob_T,Top_Driver_Prob_ONI,Top_Driver_Prob_GW,Top_Driver_Prob_SW
1,-0.00790089523564265,-0.00712593878660378,0.0269995274175087,-0.063135426697558,0.0451663266224367,0.782226035225121,0.500729947770425,1.05716004411622,0.767889664527794,0.487886636061888,1.03166630366953,0.693015750668941,0.364389198690804,0.996636025584683,0.733045279013889,0.436013897505941,0.998881440915482,0.70912908697205,0.431478433218204,0.979081517866303,0.689859716003189,0.395144659151639,0.961638743638496,0.673833714325255,0.381871014815138,0.97294232551972,0.283,0.217,0.116,0.15,0.101,0.067,0.066
2,0.00605648782729363,0.00533202170428637,0.0269436494591413,-0.0467229365469723,0.0560473655180557,0.854808355042524,0.530316332329769,1.18797610722157,0.808360931750488,0.521198305589246,1.06230207115165,0.779361216119927,0.484962385838351,1.02470760091697,0.696106912131671,0.400834426440035,0.977220146801483,0.667077546440717,0.329104513425849,0.974684934366121,0.738068622306179,0.451530739153144,1.00970557160289,0.785549365336159,0.513888341079043,1.05449659001703,0.394,0.171,0.138,0.035,0.027,0.087,0.148
3,0.0141807038130075,0.0117695004511875,0.0363468336715519,-0.0526188155751081,0.091198669538332,0.6850173038124,0.296929560161172,1.10845965058653,0.466501987493151,0.0181333852169794,0.915025739665923,0.516931949395581,0.101988526014943,0.897627500259401,0.610199351988725,0.316648695158079,0.905393000059829,0.619518185026216,0.24122692645015,0.980549947370232,0.515578282074361,0.0886140149098944,0.891011550330346,0.566141524312699,0.194837673540948,0.903965845295729,0.431,0.032,0.035,0.159,0.191,0.056,0.096
4,0.000435945595660177,-9.91391453425972e-05,0.029292312911294,-0.0589449363800096,0.0595710031329822,0.919929608740494,0.682153728068252,1.16263669365118,0.635467715164598,0.246908031426745,0.958166733301863,0.582869505639676,0.215091717668174,0.893925502974329,0.608986979365823,0.283849944528149,0.901374456299484,0.594827110403779,0.20638286013839,0.955541360259648,0.592284381293983,0.233687815250624,0.928051213334452,0.618073157056843,0.209883999466863,0.972675471045984,0.861,0.037,0.009,0.014,0.033,0.019,0.027
5,-0.0102990864279122,-0.0106164735062457,0.0374823472923392,-0.0812362433286913,0.0641012968018401,0.821435082061773,0.516912659113771,1.10919071660812,0.513635447024054,0.156873254661714,0.855117221930518,0.566117357101281,0.196863804047851,0.884210368220242,0.499308432800424,0.157005518467468,0.821689550408708,0.514046693635383,0.192299936887404,0.815187950236651,0.507958681606984,0.0442944549047099,0.895612878571255,0.507547255687062,0.0244316865728235,0.904015852335745,0.802,0.013,0.061,0.015,0.016,0.053,0.04
6,-0.00821780760564565,-0.00861388282200265,0.0257655677925361,-0.0590102535037544,0.041690471862337,0.974589063059678,0.699693090246308,1.2242442380621,0.650403764734532,0.31526228823671,0.960539143748412,0.708374614172897,0.357143956597452,0.997717495097524,0.805915940175452,0.526529216604046,1.05723904615116,0.729525229011363,0.415358793024056,1.03034729912304,0.720424387535854,0.408734378737331,0.995143960713265,0.706308252442547,0.292104296849142,1.04235216786336,0.712,0.012,0.033,0.118,0.044,0.024,0.057
7,0.0155378304597821,0.0145849784485738,0.0326887161898902,-0.046048733041161,0.0779866365843145,0.955141409070069,0.683719480146183,1.20818897925195,0.732806621937434,0.432602013857528,0.99184574669619,0.822511130143619,0.539955851133284,1.08166018559047,0.664027721256549,0.339273095685296,0.948005530134075,0.710640520257086,0.384521699911311,1.01479241293326,0.677313563614643,0.335802500675664,0.976537536947086,0.698396689286256,0.305894227539454,1.03328654192017,0.678,0.037,0.17,0.01,0.027,0.024,0.054
8,-0.00409705218192654,-0.0052324675130857,0.0266113058972845,-0.0554090447832656,0.051149839996439,1.1073494621747,0.887700480340134,1.3533255712951,0.678164088977922,0.348244459138647,0.964076280783639,0.756127906830221,0.462529150171304,1.03943116398298,0.750173907022957,0.431139581303262,1.03363345506678,0.811029215490618,0.52931950573022,1.07894060013707,0.782051350522383,0.509202464479245,1.0334444843268,0.704051145144453,0.30485932286991,1.02655160789344,0.901,0.005,0.012,0.012,0.036,0.026,0.008
9,-0.0211895810596348,-0.0204587946228194,0.0249545346718941,-0.0706252902056304,0.0258811253402299,1.04361574073376,0.78620086471907,1.28836804253559,0.750235835754129,0.459943752622384,1.00880130490324,0.774975186634325,0.422030277975192,1.07271086951064,0.718899888785008,0.387033449671799,1.01621098731366,0.727441553167941,0.40664500410155,0.995474836768578,0.646859098681702,0.270591960724111,0.971470707186179,0.715625595589727,0.33646753984153,1.04015247123396,0.868,0.024,0.038,0.024,0.012,0.01,0.024
10,0.0212077228127606,0.0210244698605424,0.0298518288165871,-0.0379342935484114,0.0796808279017115,0.875545589064599,0.561244083412949,1.16590481616679,0.694544852306229,0.373196402873422,0.986552023207954,0.72107219836645,0.386520710482518,1.02769692966788,0.740958363390381,0.431526919087193,1.00753991324019,0.753266521483725,0.430908489924226,1.05439485437686,0.78845082410381,0.460299613238627,1.06614750959091,0.806520063367638,0.495459206203332,1.0726353171902,0.443,0.03,0.056,0.077,0.073,0.135,0.186
11,0.0100710636894903,0.0107793306712706,0.0239844440458244,-0.0380026965417039,0.055092208548442,1.07245518064938,0.82704799917884,1.31270177657083,0.775011793031694,0.495361923180018,1.05767823720003,0.779959190914551,0.506066670035737,1.02897428753983,0.756838368086796,0.470913021480286,1.00847523635045,0.787485135923993,0.539700842602105,1.03485665476118,0.789607501379053,0.520129847273756,1.02017073437284,0.81857320251405,0.547257698064547,1.06008132359158,0.846,0.035,0.021,0.014,0.016,0.023,0.045
12,0.014327210007808,0.0144737549012742,0.0283731578002142,-0.0407312308670016,0.0678539885011111,1.03852079813895,0.786312437865749,1.28542910765778,0.777611874569437,0.478710051146699,1.04929247479603,0.680971078437562,0.348570712658444,0.972983004933537,0.699137645542348,0.393799591724899,0.968383957967629,0.694538497838208,0.368409035625999,0.957379901381156,0.789755365686331,0.489801007110175,1.06847107117383,0.77791003877943,0.494575186862703,1.03580689321886,0.823,0.042,0.016,0.014,0.013,0.052,0.04
13,-0.00959813038646789,-0.00948102689164732,0.0239494480106929,-0.0577574765356108,0.0374113110262128,0.957248054949923,0.705977902454895,1.19743653743435,0.834564667556977,0.50585474697436,1.15106934659055,0.788232554346539,0.478082337230713,1.057484881715,0.824483870665685,0.553333322465486,1.07700756901826,0.751742919213355,0.428750042995563,1.05332376857531,0.699935700060887,0.382186695448368,1.00030815101831,0.738426743889442,0.432781422015473,1.02654909943325,0.545,0.201,0.067,0.1,0.047,0.015,0.025
14,0.0242324250864473,0.0247118137716574,0.0316199229182128,-0.0393988628310289,0.0818421652463245,0.72566211628642,0.388727530001843,1.03877087654647,0.682020807095865,0.391308986816032,0.948988048093953,0.696140040073986,0.393226233714837,0.947150393756781,0.583665629843289,0.199464791231237,0.90052808376129,0.613314645726184,0.232253312494446,0.938530556414161,0.692814068831311,0.343793034977414,0.997315629509038,0.699468152087463,0.246481740221576,1.0374613109696,0.263,0.121,0.126,0.029,0.061,0.154,0.246
15,-0.00734290361186079,-0.00756966402172676,0.0237279810696353,-0.0538873201906647,0.0377130516111838,1.25403220072875,1.04216730086607,1.4848548350026,0.749298404808395,0.457060829662661,1.03331394097601,0.766041467378582,0.456712800997113,1.04531970086683,0.729887490194206,0.424365734715427,1.01435538381904,0.74773800293585,0.472416985869919,1.02119147338318,0.709439038361576,0.37899828256473,1.02500251795231,0.741988766127932,0.430468920851248,1.03481102812325,0.992,0,0.001,0,0.003,0.003,0.001
16,0.00306958738297735,0.00429119304927594,0.0276379146653237,-0.0514045277885575,0.0536081401938312,0.888078222028679,0.583546852796175,1.16813433297895,0.754417764266878,0.44316974473548,1.01650503905253,0.715912536177143,0.420957175846938,0.990206625974707,0.671502863695406,0.332338996416529,0.988973006772102,0.747316895920081,0.434805278666593,1.02852284297689,0.651069503985139,0.309106224314361,0.972513377532268,0.694053041023125,0.351988363339462,0.966286562868376,0.588,0.115,0.065,0.041,0.111,0.015,0.065
17,-0.01335619616787,-0.0137150206460547,0.0251399698832868,-0.0624524933119552,0.0363627025591557,0.873851351153299,0.555503377373137,1.17051927764698,0.702341187343577,0.367400420789658,1.00231528314336,0.710029585597528,0.424738502104599,0.989148100264226,0.680163001401324,0.300012678208643,1.00314198946131,0.709660966472811,0.360882968299659,1.03120555925608,0.695971354454484,0.384056545008408,0.976102866783152,0.628231009649766,0.198762817195197,0.985241288619385,0.598,0.085,0.066,0.068,0.097,0.051,0.035
18,-0.0090679466865082,-0.0100540873155752,0.0247815740456607,-0.0579122423589095,0.0391909694831925,1.08772900705721,0.849030576974479,1.32042334120991,0.812619395043242,0.551781048790626,1.06076702048027,0.796810939892273,0.440709429391088,1.0932301009839,0.784419103856272,0.456023591012231,1.04871886209448,0.746786421889005,0.443779377926023,1.03389738266079,0.835932332185871,0.577633181141606,1.06525179193958,0.723002570885338,0.409150234106889,1.02171477940117,0.853,0.028,0.038,0.013,0.013,0.044,0.011
19,-0.00772093993216698,-0.00794509835357421,0.0248444194594299,-0.0555627170688692,0.0415677216364314,1.25506034295727,1.05112288947676,1.48589284359461,0.754325395670511,0.455973620874794,1.0210357742615,0.803676001831899,0.528735776018052,1.06189386595183,0.717452221014995,0.413987001659906,0.986140428222982,0.698392032551334,0.391825357686001,0.960070846360353,0.753974271409836,0.463704540883566,1.04572369223743,0.749965388837352,0.484892451485161,1.01959796049048,0.988,0.001,0.005,0.001,0,0.004,0.001
20,-0.00398109566339009,-0.00369701355817487,0.0242283500995742,-0.0519149822493393,0.0432358878590822,0.983476422235572,0.750770560116131,1.23053097634092,0.672075751010264,0.37478330805842,0.935344980447913,0.694457400307979,0.387235088820971,0.993883891206498,0.645399783850852,0.290640777708103,0.973512002194359,0.611405365622763,0.25494698447948,0.947728329830273,0.666684310359009,0.333184502513253,0.971265831142219,0.684558515822781,0.394731030350171,0.9572609625853,0.89,0.012,0.031,0.021,0.011,0.02,0.015
21,-0.00453789028748571,-0.00507599625636007,0.0244756982482926,-0.0526952839267819,0.0472938953622662,1.14437652124587,0.930175133373709,1.3678169150394,0.760111825697108,0.477015982056918,1.03400188852903,0.765620083910331,0.461522156232395,1.04755822409572,0.721595071083505,0.379974395192267,1.02725685656674,0.71351634718753,0.369796937480646,1.03094986291459,0.742557147987456,0.429134502193898,1.02250911409346,0.728327706967497,0.421685966182952,0.994202770356256,0.948,0.008,0.014,0.008,0.004,0.017,0.001
22,-0.0216803164076022,-0.0219290904982016,0.0231817462931961,-0.0650236143924482,0.0248604636247725,0.946916045878295,0.710692670250451,1.19672619195239,0.809424385782567,0.543913246202889,1.05381370375912,0.803489854925901,0.539265569602605,1.0564803125365,0.6938258804298,0.373448758840919,0.971188909811232,0.802928737225234,0.534774002050939,1.0925442595469,0.758349674706729,0.464823749102982,1.02174709436197,0.693025805847055,0.379946643320841,0.971260749639652,0.593,0.121,0.085,0.024,0.108,0.055,0.014
23,-0.00997216145997345,-0.00917347966281395,0.0290939259720226,-0.068302798937886,0.046277244006931,0.831227103026438,0.543441132015901,1.08913696520435,0.689981223364989,0.380182444622656,0.98944964306271,0.686179467207006,0.331827305319834,1.00204275088232,0.655371883544745,0.270713972312244,0.955820096092797,0.643972221273666,0.244861611437561,0.995391535253815,0.595458677064813,0.201996354103434,0.944877482793747,0.577787801246766,0.0712115457558109,1.01328728315035,0.555,0.095,0.107,0.072,0.074,0.028,0.069
24,-0.00831321816771187,-0.00899231878293683,0.0238380877367825,-0.0549301492060644,0.039007975599928,1.25529845782736,1.05596905904278,1.48395373656378,0.697194736729099,0.370126924605203,0.975896184364361,0.766365116922637,0.486876536003607,1.02973276129931,0.679930859707782,0.357954972191875,0.983447686459199,0.722059792607153,0.398602568537421,1.01135044678142,0.727700605192079,0.416964879365341,0.992573519175622,0.780902678742894,0.489236479071732,1.03470192211546,0.991,0.001,0,0,0.003,0.002,0.003
25,0.00675279699526975,0.00642377319700999,0.0250208235264431,-0.0399883869817889,0.0567524125558863,1.05638258207765,0.837425602399334,1.28517288021664,0.762600632037798,0.470988925132092,1.04024019995915,0.745378765890092,0.471738890239703,1.00973535803708,0.659180337982765,0.344130419137998,0.961827288349373,0.670340636008832,0.339463045538506,0.96842372327279,0.755717605346853,0.461762695198302,1.01892747395257,0.706825401719212,0.350644070686112,0.997512029657876,0.89,0.028,0.017,0.004,0.018,0.022,0.021
26,0.0255393045442135,0.0260281295010583,0.0242006582119112,-0.0256555051707201,0.0694731379619518,0.880007143306289,0.640574172168978,1.1390953842779,0.722228312406197,0.409576417030327,1.01679922243646,0.764187373360524,0.431724625328745,1.05552152945585,0.687404143383669,0.340793972034018,0.968060999071958,0.73177125754271,0.354314429750038,1.06019212172661,0.783315078723689,0.492891394230852,1.03156060424448,0.815442169571522,0.507821957744905,1.08843109194018,0.433,0.056,0.09,0.02,0.104,0.109,0.188
27,0.0055599800562053,0.00366234323373288,0.0271382133133608,-0.0482095457477278,0.0618645229974024,0.972090717003734,0.686713904894888,1.25538715603568,0.753482225882144,0.442520922131115,1.03621138576558,0.739381682679502,0.423544451106702,1.01704335801165,0.72216387147338,0.375951516590532,1.01869849890745,0.71017078920463,0.384759963867011,1.01249204625495,0.734753467670742,0.421052384299056,1.01164780200502,0.732955165620297,0.426741628294362,1.02514513840845,0.748,0.062,0.039,0.038,0.031,0.041,0.041
28,0.00586377956036771,0.00585969412501469,0.0250172985390822,-0.0442698176751638,0.0530852290288223,0.948319852323976,0.688757598475823,1.20093937202613,0.766477896401734,0.460003871385525,1.04245280944649,0.780415136997845,0.513727421761859,1.05645583288765,0.810213781051525,0.511806763591914,1.09120095015925,0.705577629103126,0.377700183794954,1.0496520440382,0.80497923977954,0.528412151552344,1.05783035059855,0.755438585626505,0.45545848579685,1.05781214165173,0.584,0.07,0.049,0.122,0.045,0.087,0.043
29,0.0111655418028386,0.0116922889779168,0.0280637500451336,-0.0444974789200466,0.0650078257086057,0.930553262894501,0.685247742733669,1.17815970454658,0.733798366498036,0.436511715036559,1.01745642680822,0.724724285875496,0.420294805358215,1.0115233741659,0.676844338624169,0.365757475211696,0.964981651814399,0.652952699659032,0.269192572727267,0.996433074058021,0.766092775541121,0.472126141559293,1.0512476613277,0.791982933556597,0.503985807695159,1.0460702630826,0.637,0.049,0.049,0.016,0.035,0.093,0.121
30,0.00560087043026566,0.00436950316935475,0.0276659531147568,-0.0448925276171135,0.0641254621485705,0.980036824079875,0.720426025504279,1.22104101969867,0.777075172952613,0.461717575136282,1.08397158039744,0.722057188312668,0.405882007998431,0.990327513022357,0.696954162039744,0.330223767394487,1.03162216498622,0.587755335474317,0.16809738473681,1.02512123969395,0.74140157150321,0.431502791356529,0.987917884095804,0.703646605998027,0.323261207882119,1.02269569397526,0.783,0.078,0.023,0.017,0.028,0.041,0.03
31,-0.00379423724447048,-0.00365990741688282,0.0238961811616963,-0.0522936031018971,0.0435070872668734,1.12977760492069,0.941750303879094,1.32753142587273,0.8227684685515,0.546640130058043,1.07643017326348,0.801528196657741,0.534899979460423,1.03462738647368,0.719015507030448,0.404888614032823,0.993751606653346,0.68035516262265,0.305667648643634,1.01282738712239,0.786571132220012,0.50598318633904,1.04716494884275,0.816442897503621,0.534818454151575,1.0926617651058,0.917,0.028,0.008,0.004,0.007,0.011,0.025
32,-0.00462089200410994,-0.00440946736322212,0.0250812400481888,-0.0547817844986283,0.0449851059807319,0.932436434371792,0.685197507919671,1.15542348180866,0.767690461106225,0.475073411375986,1.02369859046141,0.760493940384825,0.473535372206483,1.01856914651877,0.652358559247243,0.324216156820169,0.958233343856579,0.768694450474868,0.453690000065208,1.03515552512043,0.741366287794719,0.434164061223242,1.01813645813033,0.725181671272648,0.39641328308475,1.02341971027392,0.653,0.073,0.066,0.009,0.087,0.057,0.055
33,-0.00294793910857922,-0.00291152156932689,0.0249060943240182,-0.0506593595263337,0.0485499175330088,0.693941426252058,0.357377547943432,0.994703869738016,0.718798155732587,0.373986508656923,1.00915415107776,0.848916347110037,0.60413542048448,1.08123826419513,0.684933733974339,0.332625041401825,0.971756119357791,0.821862972810947,0.480558743346357,1.09960307518021,0.748299505104513,0.4741996338362,0.998344666391285,0.78891436078572,0.527281436683536,1.04669718955434,0.038,0.064,0.352,0.032,0.287,0.063,0.164
34,0.00424931490494298,0.00390458061746052,0.0246984916098599,-0.0463842590492102,0.0522558483641011,1.01256815872382,0.781791165245738,1.23859177259882,0.815096717881611,0.573155431553769,1.05624357072291,0.825690288455414,0.581634431279647,1.06784526465735,0.720846844027062,0.410921119223711,1.01398260567292,0.679066721137876,0.363733329856878,0.966681357998531,0.755757855234195,0.464976390711131,1.03004325136872,0.814229910283534,0.536610096232752,1.0601066492136,0.771,0.044,0.056,0.016,0.007,0.036,0.07
35,0.00112490799469223,0.000804252460559207,0.0249676319100351,-0.0470256342085639,0.0489435296580943,0.952265488675695,0.683818557482332,1.22815404258579,0.803555301531941,0.544188839746376,1.04861912897399,0.801765339026615,0.512252997019614,1.05384281270446,0.678865602818389,0.34109571607835,0.987318362027679,0.783528415492995,0.506348056783961,1.01537791204217,0.711512862176514,0.409923780512824,0.975082615083785,0.820037504392847,0.568383384342781,1.04274796048228,0.605,0.088,0.099,0.011,0.074,0.024,0.099
36,0.0267293578944724,0.0253964097922677,0.0351380953994795,-0.0385020714616816,0.0974992717779132,0.789347787237429,0.483062211825722,1.07419030827997,0.637546166639834,0.221907949705279,0.953657111675713,0.657491152913005,0.302470098457007,0.957014842178594,0.62094250015684,0.243849543162017,0.944356181151495,0.511398587026576,0.0207002194938146,0.948564112794727,0.637539091491606,0.246576451810551,0.950912790088738,0.630514203474085,0.190250992763193,0.990323338396614,0.536,0.082,0.078,0.07,0.056,0.106,0.072
37,0.0287711814496125,0.0280660126553334,0.027847132977349,-0.0225516605562334,0.0827936623535385,0.892686163514558,0.621471742769087,1.13775362344263,0.709751909745919,0.407366616993154,0.989609138974837,0.754041244542508,0.479478581769488,1.00672069637641,0.651207930475194,0.290388113248422,0.983223982582709,0.689493096514484,0.356970437170713,1.00069544680924,0.768013966426807,0.488023620115977,1.03872289211169,0.828108486931698,0.560257740879324,1.08780771359977,0.507,0.033,0.065,0.03,0.041,0.097,0.227
38,0.00132093321999356,0.00136373128615935,0.0309618182087078,-0.0580529596080761,0.0643736439391304,0.816721305677619,0.469842739386301,1.12585521536357,0.669905531587403,0.27956590735521,0.995495754442938,0.640852097416704,0.283084240644731,0.949525574746735,0.641169848103756,0.29933298699467,0.953977971378773,0.570010089271558,0.109087387003984,1.01324301896272,0.638156452144649,0.270205593214718,0.969327864437101,0.693680554355717,0.322311559714345,0.995684392012983,0.527,0.101,0.062,0.075,0.059,0.049,0.127
39,0.0270799171734221,0.0272250818587448,0.0302546568132022,-0.0295460931159437,0.0891981831960817,0.952951819512872,0.723441248228594,1.16795347748502,0.62276362448119,0.248550899625885,0.956775886750561,0.71829611325882,0.429341881540993,0.986649413216425,0.661718749719412,0.30832977461842,0.949004462811516,0.601386831879357,0.156797001624159,0.957787911011336,0.74923286070236,0.444469959441974,1.02523794112538,0.776421477296012,0.491465286374314,1.0316344607127,0.75,0.018,0.029,0.014,0.023,0.071,0.095
40,0.0221706803990234,0.0214519172235641,0.0265743784724883,-0.0282041607197552,0.078043217930658,1.0892679717188,0.896630894742746,1.29910780615353,0.833922332516342,0.608467039939907,1.08320874477746,0.867760491072724,0.637454913991688,1.10123199579758,0.808106216336183,0.513386701709162,1.06343913575737,0.732543385649524,0.404157238581087,1.01160102455433,0.881076871581206,0.675220040053635,1.10136580591467,0.810013450513988,0.561563241606686,1.03862278124635,0.838,0.022,0.04,0.02,0.008,0.053,0.019
41,0.0207210975102358,0.0212472343363688,0.0303634249749281,-0.0358158147566303,0.0813853016242545,0.806069240971921,0.53228205691637,1.06290152616893,0.822110526690984,0.591798309756774,1.06229105895633,0.762063913847023,0.486744447019446,1.0135450634453,0.708586200026114,0.362834235787881,1.009971893371,0.760753476238996,0.465609329787939,1.02652310873291,0.789801052068215,0.490483389012688,1.07027445996933,0.723409104408573,0.397054252148852,1.00633217188482,0.204,0.252,0.11,0.068,0.126,0.179,0.061
42,0.00196050394606809,0.00301826879150641,0.0267117416619176,-0.0480316039515643,0.0528916642389798,0.944811047777096,0.682904397127119,1.26187207957737,0.709104990125009,0.425814454108018,0.983907950511164,0.683589080821556,0.338213647691134,0.979440682516043,0.622591341745527,0.262426548463289,0.936011565995452,0.554402696916644,0.167326093205752,0.913880031098266,0.676300163818316,0.336433173237414,1.00147190886751,0.572454647640734,0.188855148068237,0.929732597078879,0.827,0.059,0.027,0.03,0.007,0.038,0.012
43,0.00713926088917364,0.0077828788842158,0.022374627043989,-0.0363410550509435,0.0488997928779889,1.02414342049886,0.818648803046776,1.23234771627811,0.759875903434764,0.488621785643459,1.04937049635191,0.8262742662511,0.578318600068445,1.05028295708591,0.746710804279184,0.460311387878696,1.0088803152279,0.759484734985001,0.493431409604489,1.02245776519935,0.788896123673725,0.522617689681401,1.03830270579612,0.716559366860623,0.414147225185961,0.992951087021748,0.809,0.03,0.057,0.022,0.015,0.052,0.015
44,0.00566896587351768,0.005546270208035,0.0243727658304094,-0.0403138108951957,0.0546553439691927,1.12025712168635,0.893141613195457,1.34273562744158,0.823236992550904,0.555394577325586,1.05891010949539,0.738636171036035,0.447495577798773,0.990895622531174,0.683910608819431,0.333524812559267,0.992842023375886,0.652288533752542,0.290279876455121,0.959183865459194,0.726904604586025,0.423599845591382,0.981818222705443,0.773801301246839,0.480347450317516,1.03144248850114,0.951,0.033,0.002,0.006,0.004,0,0.004
45,0.0340829584005145,0.0344096169724593,0.023869126729872,-0.0119729750196554,0.0816242273429014,1.03354784019692,0.835973816361084,1.2350442847811,0.81339326563542,0.566957479434941,1.04281376668083,0.826329733041608,0.587261031792918,1.064052520745,0.717050337470497,0.39777444656065,0.987492617032161,0.731943409301745,0.439940100146278,1.0113101928093,0.863192221568307,0.617089027943655,1.09260336013214,0.873294055301817,0.632016672418952,1.12115686896566,0.726,0.031,0.043,0.008,0.012,0.093,0.087
46,-0.0156715822465849,-0.0152668795617876,0.0218462492044018,-0.0581832344356821,0.025845881492367,0.971815030553766,0.774611508371995,1.18496957024912,0.824941049588546,0.559835624063415,1.06949337998859,0.885162416893649,0.671531342258185,1.11131981285569,0.739368282997205,0.443765373822593,1.02407665484729,0.70715456698717,0.422508519168002,0.999500009819599,0.692214907559781,0.407800243936437,0.950214349227569,0.696245673746884,0.400564289361625,0.984985927889126,0.621,0.104,0.208,0.027,0.015,0.008,0.017
47,0.018524463796985,0.0191726755049005,0.0249952770676648,-0.0295159323224788,0.0695704109655174,0.901406790563489,0.672692306701659,1.12973625900998,0.818804191023337,0.547398511212896,1.07226975769238,0.805093384403964,0.518992963957016,1.05812518470039,0.717023091679041,0.394637148337774,1.02039273753734,0.719596703648781,0.397028576065235,0.989014749883908,0.76144659389359,0.466995651770773,1.02991698057567,0.770196989950054,0.45062307095152,1.04790061854682,0.479,0.161,0.12,0.039,0.033,0.073,0.095
48,0.0153744033385341,0.0154970566718924,0.0245137260016582,-0.0301576852073828,0.0647482472215929,0.967628973912761,0.728106215275347,1.19984651133202,0.67864392644487,0.352049230140275,0.984835013033752,0.77572135820891,0.51674683955549,1.01291518253828,0.668949668879459,0.349544823097646,0.967876307871389,0.736045867732814,0.475822008371967,0.993521923397507,0.742771034441448,0.42332369200056,1.01562422174793,0.72306233424642,0.40584365909603,0.996353564513481,0.765,0.021,0.063,0.013,0.045,0.056,0.037
49,0.0173707055037175,0.017033390346412,0.0302022983683065,-0.0391049437313896,0.0792612582742982,0.83255658398752,0.562990743233005,1.09655295350319,0.694937201535089,0.382866465243501,0.994778285333587,0.718691853064163,0.408480667357521,0.988648804121068,0.707631143831227,0.40067434282604,0.977477942585157,0.628494321382853,0.259343033845136,0.963296277462052,0.70757838791071,0.369358587722343,1.02248893700955,0.721581049431419,0.36914993070778,1.0270383874902,0.476,0.101,0.072,0.087,0.038,0.101,0.125
50,0.0158756528603428,0.0155084544848116,0.0266037233756134,-0.0347150618499924,0.0687887895377328,0.743870727797667,0.437348701160583,1.02352097015725,0.748930765732279,0.45171045171956,1.02826106782203,0.739808335404387,0.435225906553262,1.0096292168564,0.701180346779859,0.381592195965499,0.987364606264854,0.677571537531718,0.324502718003432,1.00007623844244,0.753840226383009,0.432306178212164,1.02707398948333,0.733176173866173,0.42093685995908,1.01918159792315,0.158,0.181,0.173,0.091,0.081,0.169,0.147
51,0.0286896973704933,0.0284962306556396,0.0262383546469769,-0.0228122425597713,0.0807407792770864,0.849295985267579,0.60239083996716,1.09524878184964,0.663582272769108,0.325180199014875,0.963248921063614,0.687358881392592,0.363421804802098,0.966449432315079,0.604397374896717,0.213593238140488,0.974806084871475,0.625966580539269,0.223177925150764,1.00399144044494,0.761748797506823,0.450304341510683,1.04442426707749,0.704980099974721,0.334076849849056,1.02562645436166,0.557,0.041,0.066,0.023,0.036,0.174,0.103
52,0.00767040466045871,0.00748357685014256,0.0222644543826694,-0.0367310999833628,0.0506675022703887,1.01001492281479,0.816450948846685,1.22373352067201,0.727187247686394,0.430924988919344,1.01727557508396,0.953842635052411,0.75090234468451,1.15911031765695,0.790713227722016,0.539759568164067,1.05460820391293,0.782594650108892,0.480580195201333,1.04082251762471,0.765072668810473,0.467291653665375,1.03510378431741,0.791802624302386,0.498962142380736,1.07787829607714,0.59,0.013,0.301,0.034,0.015,0.022,0.025
53,-0.00295863887992148,-0.00214775056899036,0.0262142637549804,-0.0539640968714192,0.0514872718372495,0.95986403977952,0.737217851652533,1.18927130795852,0.758658779880311,0.463876958241844,1.00124673707784,0.766219996963688,0.509333362048859,0.994295777809743,0.69555302275557,0.408111286233973,0.975819456509054,0.70815261291481,0.395906874643634,1.00588437555492,0.681781870984272,0.380606934363608,0.967355105363939,0.751737481939841,0.45245988645601,1.02384945322401,0.728,0.076,0.05,0.027,0.034,0.02,0.065
54,-0.0137267635482382,-0.0140504828515023,0.0260087346150287,-0.067352569580434,0.0370144124466565,0.966579111346252,0.747958023880094,1.20059088153418,0.641689531166891,0.282684807868072,0.946838975468771,0.796964036721895,0.507852014448525,1.04539668117741,0.678392651437709,0.334392410761038,0.984496355132234,0.641767543765426,0.269627522776821,0.940966030604215,0.621300672603765,0.304391313793815,0.923096987196697,0.791568129284743,0.531084887169652,1.03607793100258,0.767,0.008,0.092,0.024,0.017,0.006,0.086
55,0.0276763904462958,0.0282291074508532,0.0280787458130083,-0.0258339575916771,0.0849175299475845,0.870471398828337,0.643784041795454,1.08900694077251,0.76640200353155,0.496669782074239,1.02422565115814,0.717877703798458,0.402015572049832,0.999828048062761,0.791490725717891,0.5291652332413,1.04513731814969,0.704087671719329,0.332599460927146,0.987141643842222,0.758417122462602,0.435595386966349,1.03062880077409,0.783217537479196,0.531972269760308,1.02199768568606,0.392,0.122,0.049,0.167,0.053,0.109,0.108
56,-0.00737893586498429,-0.00654547365446129,0.0236233011339997,-0.0540032697075836,0.0398997676339792,0.937238885113133,0.679960445730171,1.19471285293953,0.66700124502092,0.328818604650197,0.962288802259617,0.763622276529621,0.452389341393933,1.03058840087715,0.734442681682129,0.403054023741541,1.02230356432098,0.753776525263833,0.434240086937054,1.03131379491839,0.677567265492937,0.333547265913659,0.989366917005172,0.681690190987916,0.340132064021253,1.00474073971778,0.691,0.022,0.091,0.064,0.068,0.026,0.038
57,0.000869900084139407,0.00108550945421676,0.0251255314238338,-0.0502144608137309,0.0505262625823325,0.799055537429088,0.495194997870274,1.06889237571013,0.777441271273494,0.454551973005798,1.05701280116193,0.854748573719854,0.590655371451001,1.08519518176445,0.735874952739475,0.43716157536039,1.01291354098162,0.701490817874719,0.33135981244498,1.03577466635939,0.677500821426455,0.336631280060291,1.00999502671529,0.70987531376977,0.346356003885011,1.01664889354681,0.194,0.157,0.395,0.065,0.081,0.052,0.056
58,0.000790607968581277,-5.92665859194819e-05,0.0271382768212055,-0.0534169389486525,0.0577361343290863,0.758355802861565,0.424483115758115,1.04555013411709,0.629023190234748,0.263726917785862,0.962398687242909,0.696929405516656,0.391051210492186,0.994550244131413,0.683412184237596,0.34678581146964,1.03302247682169,0.667533674655279,0.363371707997083,0.944236265360217,0.682860356765073,0.364423889573316,0.969152752916574,0.638084376314468,0.308221243945123,0.938015795077484,0.364,0.064,0.188,0.157,0.073,0.096,0.058
59,-0.00373001883442051,-0.00204579375586883,0.0268190631754065,-0.0573288921634588,0.0462102296983427,0.764377817346108,0.511762665395725,1.02729763592448,0.594434801958279,0.212808574358113,0.913321472714412,0.657841742250435,0.335084299633085,0.942914989142501,0.583080212152567,0.24091534614215,0.884283185290604,0.648431845297787,0.32930331083187,0.927233132869601,0.673611747704973,0.373565452813479,0.938265611503709,0.587080418689846,0.22721246925304,0.89813937865661,0.492,0.064,0.118,0.032,0.122,0.123,0.049
60,0.016175992233632,0.0151074047248847,0.0252632062121192,-0.032933654495622,0.0688264477004984,0.936521336735944,0.708201666841162,1.18168536773831,0.777760168582062,0.502489052058472,1.0424596756649,0.864619111512571,0.629986224894368,1.08655528733475,0.701261675190333,0.378574416470175,0.995908385572292,0.680544151130177,0.334392888851894,0.995296633542718,0.7779058935393,0.50318346973789,1.03125273600459,0.800754111342837,0.523427845874509,1.05408715810957,0.533,0.056,0.203,0.027,0.019,0.068,0.094
61,-0.000986706262841624,0.000356607622255589,0.0283150808690339,-0.0589956151222443,0.0536405102854859,0.734650691923576,0.414336270013514,1.01997858752347,0.704701564770643,0.428287180941919,0.952628490763118,0.681025127773329,0.37515117668742,0.969643242565116,0.641051217667889,0.310909424414415,0.935457525315361,0.635140098215911,0.312629907981141,0.92373916936485,0.725458099479858,0.464662012149801,0.98817159895538,0.630923488814982,0.329113054187188,0.915083054739991,0.308,0.164,0.139,0.066,0.065,0.218,0.04
62,0.0266522823665391,0.0261919079849735,0.0262479799105409,-0.0277575431253061,0.0800952088781765,0.719178627251691,0.428664611563222,0.986161089430891,0.58004302094807,0.261737507238587,0.893674970819542,0.692509144913156,0.407633336527873,0.967449667331417,0.546187865086173,0.214142323947271,0.88172865969458,0.552136781934137,0.150005734871125,0.891355753704451,0.639528388625358,0.351410825260922,0.916385111340011,0.642804737948858,0.305793271361904,0.930629986158592,0.348,0.042,0.253,0.027,0.06,0.114,0.156
63,0.0105015908626544,0.0106535169500918,0.0253454076278665,-0.0394843853882974,0.0595280548467363,0.914929108602955,0.655959652174589,1.15735734105215,0.734195911831317,0.415369052975924,1.00605460784969,0.776894584586876,0.505194949703148,1.03427915637902,0.705329621158124,0.391030759612692,0.989341852371963,0.670967623650898,0.34059781793967,0.999210742498529,0.773322353920863,0.498815202706357,1.05392073216355,0.734134040115175,0.420699919742268,1.01163869201948,0.604,0.071,0.084,0.039,0.033,0.117,0.052
64,-0.00087852293711451,-0.000192730525385432,0.0271213780849599,-0.0562476316667732,0.05262107317681,0.751890519969012,0.471468473477151,1.03368472201367,0.677411486528529,0.377373687844209,0.962878573285208,0.75883875320336,0.492268302478876,1.01062045176799,0.653256340880429,0.260271113819693,1.01367399232299,0.640015891213887,0.28091696721618,0.991664718508402,0.710663230854198,0.451013208237402,0.96770721557037,0.713509018271602,0.414099030466626,0.990554996997552,0.271,0.081,0.246,0.104,0.062,0.112,0.124
65,0.0176541196344737,0.0169077967634433,0.0274244596126451,-0.0390397353690763,0.0713160531521404,0.815197548627295,0.514357482844194,1.07549355497753,0.784974740259498,0.463284059375305,1.07596714696733,0.872327893962112,0.604573245496442,1.12387211031613,0.779020671574953,0.461103584305976,1.08268577161537,0.715572314822416,0.377268315610393,1.02962210942681,0.804040146677787,0.52503924547226,1.08566104357848,0.787660313847108,0.47030370592514,1.04101287452275,0.155,0.114,0.335,0.122,0.042,0.146,0.086
66,-0.0226451838423378,-0.0236240754076475,0.0236507172667918,-0.0687402390182677,0.0257266778429791,1.00354828726496,0.817600971055175,1.2080141352241,0.802560233031637,0.520791163454908,1.05852649995512,0.841875289126345,0.614308267346027,1.06491636685281,0.716112932299218,0.402512142659314,1.00990624086825,0.703907850472172,0.36124276513946,1.00509893617966,0.705647487799945,0.431040241498482,0.976495296277469,0.68344829885499,0.394529493486878,0.97251390716711,0.767,0.085,0.086,0.022,0.019,0.008,0.013
67,-0.0105291581798773,-0.0118161853074528,0.0259901985651637,-0.0588020560295593,0.0447901474705716,0.921005873412962,0.690872702522561,1.15760817130991,0.662491246314783,0.322830517488355,0.948251800215719,0.77839936684565,0.468362426110433,1.04750021563594,0.701794937227083,0.403755646330773,0.978046481742371,0.69828792116585,0.385904688520243,0.977070679996567,0.731528532714298,0.407908404487691,0.998341139445633,0.530650859828648,0.127939853199719,0.892021519543988,0.701,0.026,0.109,0.034,0.038,0.085,0.007
68,0.000637062509473385,0.000729567624269178,0.0235495844602226,-0.0429187681683409,0.0456564080433056,0.893580644264438,0.669480052402724,1.1132842641379,0.749961446898561,0.429451130816138,1.01585233151176,0.834017712984975,0.57799077840575,1.07426114771088,0.761271317786331,0.44314484595107,1.03071186476795,0.765503751225049,0.461929184690191,1.02784736824103,0.756514343372798,0.434390130604233,1.03257378493164,0.722070800203682,0.378108121254545,1.01394490584866,0.454,0.06,0.193,0.073,0.098,0.074,0.048
69,-0.00854846964760725,-0.00856089385686254,0.0267814401048781,-0.0608867491388814,0.044694442598828,0.882740583216243,0.647027680062465,1.12899504785742,0.672706882927944,0.344959526455688,0.952014027196861,0.687102793505273,0.435964406735314,0.944499342594373,0.682821903799119,0.378909071821172,0.962618300489021,0.606378921970189,0.232018010755711,0.939142451189563,0.673892155418551,0.362491756442401,0.983914881716691,0.697313059071402,0.391702620134246,0.992820999735053,0.699,0.045,0.03,0.048,0.034,0.057,0.087
70,0.00365996860946064,0.00370353681981328,0.028802026909027,-0.0540265634185039,0.0599861192275724,0.671419487262274,0.405486499643967,0.933651829806056,0.621341793303246,0.277318818056813,0.903728393246186,0.707388093275623,0.417933126394039,0.981896755008812,0.699834018751875,0.363754845739793,0.985444794681821,0.682858685810078,0.380336352975154,0.960354665371746,0.673118146501618,0.357077296792541,0.970316427308908,0.673387058136997,0.387054814989627,0.950450808515683,0.116,0.065,0.206,0.214,0.14,0.123,0.136
71,0.0150864673940796,0.0139071621447067,0.0284366147937561,-0.0377154731858867,0.0710114943000514,0.863068699921583,0.600371920162849,1.10121715517075,0.551803633685186,0.176388517056934,0.914653161302019,0.775692419163144,0.486842784819117,1.05423856630301,0.668152775523745,0.346066458582363,0.970053122321215,0.765462645784244,0.452291719601662,1.06010826992643,0.71397923358207,0.415179609971107,1.01381939197797,0.69363533388903,0.400670995799147,0.974373078756035,0.51,0.008,0.155,0.029,0.17,0.08,0.048
72,0.0189015594489942,0.0187162880225967,0.0289214922009366,-0.0378720379066179,0.0734076442604149,0.842059167765939,0.620093166876688,1.07843623232054,0.796221136819339,0.513232038529276,1.04342675411652,0.832026763150579,0.605840574155095,1.06118685358506,0.719457826760813,0.451800527891933,0.964492979301939,0.743051363575453,0.458525272292187,1.00750948404719,0.753751439575348,0.400246921015574,1.03698796748583,0.719087792225413,0.397913222252999,1.0069900210703,0.3,0.183,0.254,0.039,0.061,0.114,0.049
73,0.00772938351366131,0.00698717518654551,0.0248446982501345,-0.0393515989095192,0.0613750861077436,0.943301016253271,0.707368946756142,1.18238860382477,0.831779952678724,0.548955565590204,1.09208101633857,0.86341918148883,0.658415322139696,1.07867555768455,0.817956537004534,0.592415961825055,1.04712966809122,0.807453613474245,0.528556556747096,1.03692034644365,0.760893309925071,0.507052855081342,0.993773240149548,0.769993874166654,0.51771175667056,1.02180756355711,0.482,0.108,0.19,0.075,0.072,0.037,0.036
74,-0.0033760680548232,-0.00431563295357401,0.0229049299287049,-0.0490084670890231,0.0418973299450521,1.00188337657654,0.805352009758775,1.2210221321022,0.72541613338085,0.444894089796558,0.985030674488917,0.82827281898448,0.605733718072326,1.05463311729267,0.601148256891566,0.260680334495008,0.917298143068475,0.735502790125739,0.447751548287503,1.01187539750229,0.725030769353911,0.448123217671608,0.978519505386811,0.659505407716258,0.356547154887351,0.967308698028633,0.822,0.022,0.087,0.001,0.026,0.028,0.014
75,-0.0165679484757178,-0.0165269515968542,0.0265619797552596,-0.0680586643611932,0.0338086576091098,0.929715776536617,0.663340698414499,1.19921787272076,0.796427611742692,0.508289450235375,1.06388121644743,0.833597228945001,0.586144722658551,1.07949996030007,0.721174514584923,0.425710731773386,0.99415970761587,0.714003193737178,0.403224882171531,1.02446287131359,0.683112480104705,0.355361074748786,0.990045898070811,0.67630873159697,0.359991176739774,0.94702997341296,0.559,0.15,0.175,0.031,0.053,0.021,0.011
76,-0.00252514040122519,-0.00162893902868072,0.0234587062000319,-0.0481923776974674,0.0465828026489093,0.984149946085363,0.780329256790583,1.21108052346873,0.553016602365235,0.178055762231162,0.901141651380608,0.852230550673164,0.645299639738893,1.08758835656821,0.763755321062839,0.456196437408365,1.05849159825511,0.871758204909084,0.633169626243429,1.12702123931294,0.71395135206569,0.437916699976008,0.989789324637352,0.758396181623937,0.474239314164875,1.03175588979337,0.611,0.003,0.091,0.069,0.182,0.009,0.035
77,-0.00534468592854463,-0.00538877970613894,0.0275643066799647,-0.0553073291322592,0.0481309468193593,0.807461824829155,0.531800508531472,1.08478272491047,0.763403513795466,0.477136572502034,1.06133259957935,0.765096948335453,0.476499732961462,1.05072318007576,0.722518428199529,0.41449747861483,1.00788936570079,0.787506477003014,0.513101724953221,1.05850344960214,0.712194503502966,0.389835884266061,1.01464621753062,0.689856380499097,0.357125388458376,1.00090130355091,0.28,0.158,0.133,0.081,0.215,0.07,0.063
78,0.0133019960747412,0.0139651898602827,0.0259988905711211,-0.0393583944681144,0.0656532684041553,0.948411133799355,0.726680353007895,1.17365066839704,0.754251939032438,0.44133172435159,1.03283309939639,0.770879219145713,0.490950459960063,1.03108349968608,0.678087558828143,0.337558001434654,1.00080595666242,0.806451248789375,0.536562018419206,1.07526513592683,0.757866679763687,0.44468282589364,1.02355954279925,0.791452014783278,0.51407228811955,1.03829286649325,0.649,0.052,0.036,0.025,0.104,0.057,0.077
79,0.00321139836730104,0.00100381440127256,0.0314020394202736,-0.0554446322477453,0.0747552779437348,0.882267868953697,0.595648534501855,1.13664602777532,0.79603990515733,0.51733226941415,1.05932569206464,0.701800936951051,0.385948373818153,0.988359213617524,0.771406367381426,0.490315334132241,1.03705090743279,0.779533445353817,0.492510378911262,1.05751184047362,0.718859644109029,0.445308261375972,0.9934243559639,0.747852665523077,0.469491206770202,1.03304184693558,0.466,0.148,0.039,0.11,0.115,0.053,0.069
80,0.0183691271354484,0.0183495505898836,0.0221185935426177,-0.0253276981162108,0.0624849334651589,1.06008848185889,0.861413237205485,1.25418565084406,0.857311778720694,0.658669374520066,1.05779079343839,0.911807970340338,0.72827307394969,1.10877158366701,0.742140245277934,0.457814843701578,1.00827404823006,0.698837598561312,0.407061913321854,0.955741141202089,0.850102400376885,0.570826858216354,1.10436936443363,0.767408240125987,0.529862386605991,1.00783718255678,0.76,0.038,0.101,0.012,0.006,0.071,0.012
81,-0.0140437735797471,-0.0134543227815316,0.020377887224677,-0.0541467827719334,0.0235577283891439,1.04873357757878,0.887291225334808,1.23739103302482,0.682656734921447,0.401649789476522,0.94036760769152,1.00867710851786,0.834291431592499,1.18596397135772,0.76547021994735,0.51404148650441,1.00366450890913,0.688352673359537,0.394409705757398,0.961395439005316,0.809683843274355,0.58822354709041,1.03681960154239,0.693145163702266,0.423863391556199,0.927279485910438,0.6,0.001,0.36,0.015,0.001,0.023,0
82,-0.0187136429519573,-0.0176626416466499,0.0290281592266941,-0.0762463481487496,0.0396555898850854,0.792769472463806,0.501077973916432,1.05818211752287,0.679457015776314,0.310124155357933,1.00383746012836,0.797285270202798,0.501047814078559,1.07177610569045,0.724411862056269,0.386772811371394,1.03561114360827,0.7110570448618,0.352511957068873,1.0443380735696,0.688131039615207,0.360675000325815,1.0214917557611,0.713202304164778,0.392031333303494,1.02308771589675,0.277,0.077,0.258,0.124,0.111,0.06,0.093
83,0.0174835722269829,0.0159897321143517,0.0247580947623713,-0.0307219159199077,0.0672226924774353,0.937136637987013,0.652935343468869,1.22722623116468,0.808930882925955,0.554202750997217,1.04530329352503,0.77923681372879,0.519695779369991,1.01609480311899,0.67100983922438,0.346935777890085,0.975631083683047,0.669201176164486,0.339863145221498,0.983778110329848,0.731929029220783,0.414240760313386,1.0125320547773,0.713279896358146,0.406243208504809,0.996098056884023,0.638,0.142,0.084,0.021,0.024,0.062,0.029
84,-0.0035573974847661,-0.00394856835265872,0.0280724704810258,-0.0579366941535486,0.050793834660684,0.779331623158603,0.512170880440517,1.03588348774643,0.689551005573253,0.383935500079622,0.969778755933205,0.773836150169181,0.506506928847505,1.04597422280649,0.715264378465115,0.378872756876705,1.00256865182246,0.727116022018339,0.450579638715424,0.982895887423666,0.6565644381124,0.351395030106848,0.921745717872773,0.682176427545558,0.387252048957693,0.968249505915438,0.259,0.065,0.263,0.149,0.156,0.041,0.067
85,-0.014863077731062,-0.0149235665451847,0.018743462649683,-0.0527797963884565,0.0197744383971239,1.14174989468687,0.968902706578455,1.33790924037272,0.780085578441415,0.526989539324686,1.02980973079905,0.981389051759273,0.820829477254533,1.15858800234328,0.651085199701781,0.319296989259333,0.944755317988049,0.648590077282176,0.336509226617052,0.954581571576435,0.82388941996735,0.588754870252767,1.05815636329025,0.697222519227148,0.452551767816957,0.950981118263775,0.864,0.005,0.121,0.001,0.001,0.006,0.002
86,0.0117601100565131,0.011513322203609,0.0261871902203145,-0.0410791548566513,0.0648779093030631,0.902413184212996,0.602787543811889,1.14629043898985,0.729316576461275,0.397176305697093,1.03734827436867,0.779099321755808,0.49550279777489,1.05892485026027,0.722631057417041,0.381727113278511,1.01286365273272,0.830438871211785,0.529818990477406,1.11162097141638,0.827821543562672,0.578181739100878,1.07060608634001,0.768729602925442,0.4410236116607,1.04929013091234,0.446,0.063,0.086,0.032,0.149,0.156,0.068
87,-0.00744162192393485,-0.00792565219935476,0.0219191618732806,-0.0505660421927607,0.0340445885694824,1.0993659075763,0.922066101298469,1.29656226334487,0.742646094390371,0.461559981603326,1.00471869240303,0.928002972824177,0.716776788637637,1.14167316710616,0.650084455806159,0.316426315841253,0.940071242124039,0.748285437721287,0.469155999938684,1.00201983110822,0.707269514054706,0.406231247984049,0.957160928488691,0.703272171246795,0.383422488165856,0.986249192894998,0.857,0.008,0.117,0.002,0.008,0.005,0.003
88,0.00821586030998986,0.00763720049471817,0.0251347300780894,-0.0405373739669381,0.0576691736283169,0.88180673330215,0.616126646046292,1.12931995023417,0.77814301474491,0.488134723728159,1.03400033511716,0.949929590583109,0.726860052052254,1.18524189230578,0.613736931321534,0.274189848821964,0.915121493075815,0.725874536842709,0.403583387287853,1.00899034555939,0.722835345127771,0.433873958617757,0.988984895190689,0.7212771181676,0.416079826438463,0.996851250045966,0.267,0.064,0.56,0.007,0.036,0.031,0.035
89,-0.0118447563282596,-0.012366702844346,0.0234432112947869,-0.05726452233813,0.0326999933753314,1.02509224446881,0.803819562721881,1.24176770298622,0.719578756229491,0.431215993698734,1.0165472610504,0.725103110455191,0.402607735208088,1.00989283446794,0.771333042109579,0.482777040979308,1.03617566752201,0.882524630960016,0.63669470464588,1.12329702012488,0.716050404179444,0.42973199833589,0.987867400107613,0.72641971914092,0.408672329003403,1.01368671241072,0.746,0.015,0.016,0.035,0.154,0.013,0.021
90,0.00440648310366231,0.00375137914421547,0.0271816393256913,-0.0469982149751875,0.0599828227265425,0.834224049414286,0.601339875184517,1.0587363291151,0.673302978944932,0.337494075033951,0.987783517355099,0.779866811270277,0.503898256614353,1.04004449143168,0.715081027756207,0.393247022649682,1.02611858394654,0.764748896648946,0.452716395758477,1.05760083638377,0.737055283396223,0.457277152465862,1.00010964910471,0.705808464186231,0.386614004597762,0.993557071771608,0.387,0.05,0.179,0.089,0.168,0.086,0.041
91,-0.0148067137352503,-0.0156397974372428,0.0234437282909801,-0.0624355940425636,0.0336563084814256,1.19013823418584,1.01214258574649,1.39467413355874,0.678234331444777,0.375877374732855,0.993997348759682,0.849742061642724,0.650910187489532,1.05994491372732,0.665651469377402,0.34647704872425,0.938465809249139,0.710094591262643,0.432326162351885,0.987061842698664,0.750976783584963,0.451936708619117,1.01734961260463,0.707503089280216,0.379737890261574,0.99504471077928,0.985,0.002,0.005,0,0.003,0.003,0.002
92,-0.00890884030943721,-0.00887456830259897,0.0206608402068422,-0.0495392269889833,0.0320443287555954,1.01220979236198,0.797045925191422,1.23001580289551,0.839684076210901,0.573229855308929,1.10255596697229,0.880155168934114,0.661626458717974,1.11129429940781,0.843570399114711,0.549196468090543,1.11586787654304,0.777666398133857,0.500930286447943,1.05050385044572,0.690276332528499,0.390190364517064,0.986179196655908,0.761890027040754,0.505893071432296,1.03073649817774,0.666,0.078,0.128,0.086,0.021,0.006,0.015
93,0.0287648868035732,0.0276482164995964,0.0257724234726125,-0.0163378607323563,0.0853010729079108,0.923095859700919,0.723673648008006,1.11930510387368,0.771254475728706,0.52696633373207,1.02149352989498,0.96938965223839,0.783067991663536,1.16219099946415,0.706193116832013,0.416200804057873,0.964189326674765,0.74000045321172,0.427419550750205,0.996374974003477,0.811092140355236,0.584981668199729,1.03905322361254,0.839516517309279,0.606695827572857,1.08437218965542,0.272,0.029,0.503,0.012,0.026,0.068,0.09
94,-0.00722762085333849,-0.00781921097099847,0.0253381330482214,-0.0557551373536536,0.0449455712912061,0.873644930159064,0.650914614589207,1.11021553984735,0.782697621574532,0.491521798902253,1.04505832452827,0.834770038088915,0.565002725246659,1.07904416420731,0.754428549771903,0.44099905484873,1.03609413704679,0.730475748551171,0.41617829223202,1.04033008057541,0.730004246385565,0.423026186329107,1.01744323593393,0.733189667994228,0.410906846057152,1.01828340319109,0.38,0.109,0.244,0.099,0.068,0.054,0.046
95,0.00724084711389207,0.00742194284781439,0.0232755348269403,-0.0375222180807006,0.0560246132630013,0.844124396517744,0.635433397380068,1.05515356419818,0.773120227617352,0.489527773204416,1.03385800100962,0.801259154882747,0.529611469679533,1.05398757680815,0.746040330156455,0.416740312612046,1.04146277457424,0.655694339548768,0.303573082297806,0.973326520842848,0.753598729015868,0.490875419399131,1.0226085569668,0.66998948733048,0.364167768839321,0.94618208240364,0.397,0.133,0.204,0.122,0.022,0.099,0.023
96,0.0260521871639132,0.0256154180635078,0.0247459939559499,-0.021704146398817,0.0767926617855653,0.994144711051392,0.804789151201114,1.203600475105,0.713972471475169,0.443863366788874,0.968346661235458,0.884998021319337,0.657687289485784,1.12192546392542,0.794790571747863,0.507485410474573,1.04095872005024,0.773111767555693,0.492007937578812,1.04010974913145,0.873724101956081,0.650158304440934,1.10313165192651,0.882665430463656,0.681114837260257,1.07177688139941,0.574,0.014,0.139,0.033,0.03,0.105,0.105
97,0.00129947617151102,0.00259393800432439,0.0241670192248529,-0.0469326364261452,0.0479477119032115,0.921667690646511,0.66605819353945,1.18240540241347,0.807620062268494,0.516112506028097,1.07123706213661,0.77757082269369,0.437921053213832,1.08024223533111,0.736562570806884,0.423486873046256,0.99983107463745,0.771525918232955,0.460274353105884,1.05767596538409,0.766216986575336,0.444717710787333,1.04294016305786,0.748474038819476,0.419266846168967,1.05214972519222,0.537,0.108,0.103,0.037,0.105,0.052,0.058
98,0.0230992299975471,0.0233389706872944,0.0257938703442452,-0.0267069912656366,0.0719315166929934,0.928194262624369,0.687843328754985,1.16118239704913,0.787372854712878,0.491619928445555,1.06475864512653,0.838169691207637,0.566349927146593,1.09693286609878,0.757824106086811,0.47664978919297,1.02220335593114,0.694809318531318,0.352204935548294,1.00957133456259,0.834795666787968,0.606463406257264,1.06979388464816,0.784516251630519,0.513037983078019,1.05678135361453,0.506,0.085,0.132,0.047,0.024,0.136,0.07
99,-0.000945740021395978,-0.00165895073821082,0.0227508712539733,-0.0461031015175869,0.0430757682351223,1.11824446474799,0.904985268139898,1.33547489820528,0.770257437854616,0.484064617260054,1.03254504263579,0.775918447414704,0.479402320607077,1.02321800749511,0.712919802588835,0.382077393098653,1.03803611901632,0.761386507291359,0.459177599323362,1.00735077589604,0.736898367162111,0.404469405467451,0.994519961444825,0.731445320580517,0.394667995406025,1.01382447129861,0.955,0.009,0.007,0.015,0.004,0.004,0.006
100,-0.00351647788903094,-0.00349236773749761,0.0242981202679714,-0.0511776403297806,0.0445195006764948,0.939845374454093,0.693826755621387,1.16373680136226,0.731247592718,0.408757070246599,1.02941132447431,0.814886187210532,0.529708490804629,1.0898202899568,0.768966096201891,0.459382106504199,1.06178287414211,0.727665295291571,0.421217841223587,1.02306047541703,0.746118859607242,0.443766176013114,1.03610123367229,0.745142576879807,0.453298813988796,1.03201655107626,0.611,0.038,0.125,0.103,0.046,0.037,0.04
101,-0.0010153356417935,-0.000912909022712405,0.0222076330198013,-0.0444405107547371,0.0408195167779249,0.997828135988523,0.796956122282821,1.23295969612766,0.699683925956219,0.367999434653284,0.976540671384003,0.86451793727499,0.609192709995631,1.11956838487023,0.751403177471122,0.460887130968239,1.01755484940225,0.739270246106454,0.44387965622413,1.02885428083486,0.771864833878976,0.47954581549745,1.03008531147714,0.659630011912597,0.312960043561332,0.968496676377266,0.731,0.012,0.145,0.031,0.026,0.046,0.009
102,-0.00419228203329135,-0.00397053069070807,0.0282309672997316,-0.0617912102272138,0.0502886204509345,0.796705714299367,0.476003834978674,1.10799591917575,0.712203964689029,0.378014316078666,1.01101784446398,0.613608066508626,0.228231119254085,0.957205684378979,0.600255628747163,0.231614017570621,0.947561542913075,0.574177571670246,0.100936628756112,0.952805556185346,0.626803247730037,0.272753935867343,0.952707596598881,0.569008946080128,0.148288095120143,0.931401510181696,0.51,0.225,0.083,0.037,0.045,0.061,0.039
103,0.00581425371476667,0.00531003777894795,0.025656134885451,-0.0412704915681238,0.0597486073983416,0.860484456648663,0.58259470013178,1.12989295831704,0.720419659081338,0.389854592356664,1.01711651596926,0.675687130982816,0.358913424143356,0.956801487647157,0.646384165550228,0.306796112677341,0.946386241875925,0.747090607850025,0.414911893718715,1.0468125944645,0.697320695144536,0.405800614035122,0.978913754362334,0.6599808517844,0.263311277887586,0.967627872060075,0.546,0.095,0.044,0.042,0.158,0.067,0.048
